Type,Nome,Name,Level,Skill,Life,Mp,Range,PhyAtk,MagAtk,PhyDef,MagDef,Dex,Agi,Crit atk,Crit def,Stun atk chance,Stun def chance,Stun duration,Block atk chance,Block def chance,Block duration,Blood atk chance,Blood def chance,Blood atk,Blood def,Blood duration,Poison atk chance,Poison def chance,Poison atk,Poison def,Poison duration,Silence atk chance,Silence def chance,Silence duration,Elem,Exp,Item 0,Item 1,Item 2,Item 3,Item 4,Item 5,Item 6,Item 7,Item 8,Item 9,Gold,Step,Move delay,Mp delay,Atk delay
0,Criatura 1,Creature 1,0,1,50,50,60,6,2,2,2,12,2,0.1,0,0,0,0,0,0,0,1,0,1,0,1000,0,0,0,0,0,0,0,0,n,2,232,233,300,301,1313,1700,1703,-1,-1,-1,5,6,1,50,40
1,Criatura 2,Creature 2,1,1,98,98,60,7,5,5,5,10.6,2.65,0.1,0,0,0,0,0,0,0,0,0,0,0,0,0,0,0,0,0,0,0,0,p,4,0,232,302,303,1314,1723,1800,-1,-1,-1,6,4,1,50,36
2,Criatura 3,Creature 3,2,1,146,146,60,8,10,6,8,13.2,3.3,0.1,0,0.05,0,20,0,0,0,0,0,0,0,0,0,0,0,0,0,0,0,0,n,15,1,120,304,1315,1724,1801,1802,-1,-1,-1,9,6,1,50,30
3,Criatura 4,Creature 4,3,1,250,194,60,14,11,11,8,15.8,3.95,0.12,0,0,0,0,0,0,0,0,0,0,0,0,0,0,0,0,0,0,0,0,p,29,2,121,305,1316,1725,1803,1804,-1,-1,-1,14,6,1,50,50
4,Criatura 5,Creature 5,4,1,290,290,60,17,17,18,16,21,5.25,0.2,0,0.01,0,25,0,0,0,0,0,0,0,0,0,0,0,0,0,0,0,0,n,44,2,3,306,307,308,1317,1318,1726,1727,1728,21,6,1,50,40
5,Criatura 6,Creature 6,0,1,50,50,60,2,2,2,3,12,2,0.1,0,0,0,0,0,0,0,0,0,0,0,0,0,0,0,0,0,0,0,0,n,2,226,227,500,501,1307,1700,1702,-1,-1,-1,5,6,1,50,40
6,Criatura 7,Creature 7,1,1,98,98,60,5,5,4,6,10.6,2.65,0.1,0,0,0,0,0,0,0,0,0,0,0,0,0,0,0,0,0,0,0,0,p,4,0,226,502,503,1308,1723,1800,-1,-1,-1,6,6,1,50,44
7,Criatura 8,Creature 8,2,1,146,146,60,8,10,8,10,13.2,3.3,0.1,0,0,0,0,0,0,0,0,0,0,0,0,0,0,0,0,0,0,0,0,n,15,1,120,504,1309,1724,1801,1802,-1,-1,-1,9,6,1,50,36
8,Criatura 9,Creature 9,3,1,250,194,60,11,14,11,13,15.8,3.95,0.1,0,0,0,0,0,0,0,0,0,0,0,0,0,0,0,0,0,0,0,0,w,29,2,121,505,1310,1725,1803,1804,-1,-1,-1,14,6,1,50,50
9,Criatura 10,Creature 10,4,1,290,290,60,17,17,16,18,21,5.25,0.2,0,0,0,0,0,0,0,0,0,0,0,0,0,0,0,0,0,0,0,0,n,44,2,3,506,507,508,1311,1321,1726,1727,1728,21,6,1,50,40
10,Criatura 11,Creature 11,0,1,50,50,60,2,2,2,2,12,4,0.1,0,0,0,0,0,0,0,0,0,0,0,0,0,0,0,0,0,0,0,0,n,2,244,245,700,701,1319,1700,1704,-1,-1,-1,5,6,1,50,40
11,Criatura 12,Creature 12,1,1,98,98,60,4,6,5,3,10.6,2.65,0.1,0,0,0,0,0,0,0,0,0,0,0,0,0,0,0,0,0,0,0,0,p,4,0,244,702,703,1320,1723,1805,-1,-1,-1,6,6,1,50,36
12,Criatura 13,Creature 13,2,1,146,146,60,10,6,6,10,13.2,3.3,0.13,0,0,0,0,0,0,0,0,0,0,0,0,0,0,0,0,0,0,0,0,n,15,1,120,704,1321,1724,1806,1807,-1,-1,-1,9,6,1,50,30
13,Criatura 14,Creature 14,3,1,250,194,60,13,15,13,9,15.8,3.95,0.1,0,0,0,0,0.05,0,20,0,0,0,0,0,0,0,0,0,0,0,0,0,a,29,2,121,705,1322,1725,1808,1809,-1,-1,-1,14,6,1,50,50
14,Criatura 15,Creature 15,4,1,290,290,60,17,17,17,17,21,5.25,0.2,0,0,0,0,0,0,0,0.03,0,1,0,12,0,0,0,0,0,0,0,0,n,44,2,3,706,707,708,1323,1324,1726,1727,1728,21,6,1,50,40
15,Criatura 16,Creature 16,0,1,50,50,60,2,2,2,2,12,3,0.1,0,0,0,0,0,0,0,0,0,0,0,0,0,0,0,0,0,0,0,0,n,2,238,239,900,901,1325,1700,1718,-1,-1,-1,5,6,1,50,40
16,Criatura 17,Creature 17,1,1,98,98,60,6,4,3,5,10.6,2.65,0.12,0,0,0,0,0,0,0,0,0,0,0,0,0,0,0,0,0,0,0,0,p,4,0,238,902,903,1326,1723,1800,-1,-1,-1,6,6,1,50,36
17,Criatura 18,Creature 18,2,1,146,146,60,6,10,6,10,13.2,3.3,0.15,0,0,0,0,0,0,0,0.05,0,1,0,10,0,0,0,0,0,0,0,0,e,15,1,120,904,1327,1724,1801,1802,-1,-1,-1,9,6,1,50,30
18,Criatura 19,Creature 19,3,1,250,194,60,11,13,13,9,20,3.95,0.12,0,0,0,0,0,0,0,0,0,0,0,0,0.02,0,1,0,20,0,0,0,n,29,2,121,905,1328,1725,1803,1804,-1,-1,-1,14,6,1,50,50
19,Criatura 20,Creature 20,4,1,290,290,60,17,17,17,17,24,5.25,0.2,0,0,0,0,0,0,0,0,0,0,0,0,0,0,0,0,0,0,0,0,n,44,2,3,906,907,908,1329,1330,1726,1727,1728,21,6,1,50,40
20,Criatura 21,Creature 21,0,1,50,50,60,2,2,2,2,16,2,0.1,0,0,0,0,0,0,0,0,0,0,0,0,0,0,0,0,0,0,0,0,n,2,220,221,1100,1101,1301,1700,1701,-1,-1,-1,5,6,1,50,40
21,Criatura 22,Creature 22,1,1,98,98,60,4,6,3,3,20,2.65,0.12,0,0,0,0,0,0,0,0.05,0,1,0,6,0,0,0,0,0,0,0,0,f,4,0,220,1102,1103,1302,1723,1800,-1,-1,-1,6,6,1,50,36
22,Criatura 23,Creature 23,2,1,146,146,60,10,7,7,10,18,4,0.1,0,0,0,0,0,0,0,0,0,0,0,0,0.03,0,1,0,20,0,0,0,n,15,1,120,1104,1303,1724,1801,1802,-1,-1,-1,9,6,1,50,30
23,Criatura 24,Creature 24,3,1,250,194,60,16,9,12,9,24,3.95,0.15,0,0,0,0,0,0,0,0,0,0,0,0,0,0,0,0,0,0.02,0,10,p,29,2,121,1105,1304,1725,1803,1804,-1,-1,-1,14,6,1,50,50
24,Criatura 25,Creature 25,4,1,290,290,60,17,17,17,17,31,5.25,0.2,0,0,0,0,0,0,0,0,0,0,0,0,0.07,0,1,0,20,0.03,0,12,n,44,2,3,1106,1107,1108,1305,1306,1726,1727,1728,21,6,1,50,40
25,Criatura 26,Creature 26,5,1,290,290,60,17,17,17,17,21,5.25,0.18,0,0,0,0,0,0,0,0,0,0,0,0,0,0,0,0,0,0,0,0,n,63,140,240,709,710,1345,1700,1810,-1,-1,-1,30,6,1,50,40
26,Criatura 27,Creature 27,6,1,338,338,60,20,20,20,20,23.6,5.9,0.11,0,0,0,0,0,0,0,0,0,0,0,0,0,0,0,0,0,0,0,0,n,82,4,240,711,1346,1347,1713,1811,-1,-1,-1,41,6,1,50,40
27,Criatura 28,Creature 28,7,1,386,386,60,23,23,23,23,26.2,6.55,0.11,0,0,0,0,0,0,0,0,0,0,0,0,0,0,0,0,0,0,0,0,n,97,5,141,912,913,1348,1729,1812,-1,-1,-1,54,6,1,50,40
28,Criatura 29,Creature 29,8,1,434,434,60,26,26,26,26,28.8,7.2,0.17,0,0,0,0,0,0,0,0,0,0,0,0,0,0,0,0,0,0,0,0,n,118,6,914,1349,1350,1730,1813,1814,-1,-1,-1,69,6,1,50,40
29,Criatura 30,Creature 30,9,1,530,530,60,32,32,32,32,34,8.5,0.07,0,0,0,0,0,0,0,0,0,0,0,0,0,0,0,0,0,0,0,0,n,140,6,7,315,316,317,1351,1731,1732,1733,1734,86,6,1,50,40
30,Criatura 31,Creature 31,5,1,290,290,60,17,17,17,17,21,5.25,0.08,0,0,0,0,0,0,0,0,0,0,0,0,0,0,0,0,0,0,0,0,n,63,140,228,509,510,1338,1700,1810,-1,-1,-1,30,6,1,50,40
31,Criatura 32,Creature 32,6,1,338,338,60,20,20,20,20,23.6,5.9,0.13,0,0,0,0,0,0,0,0,0,0,0,0,0,0,0,0,0,0,0,0,n,82,4,228,511,1339,1340,1709,1811,-1,-1,-1,41,6,1,50,40
32,Criatura 33,Creature 33,7,1,386,386,60,23,23,23,23,26.2,6.55,0.15,0,0,0,0,0,0,0,0,0,0,0,0,0,0,0,0,0,0,0,0,n,97,5,141,712,713,1341,1729,1812,-1,-1,-1,54,6,1,50,40
33,Criatura 34,Creature 34,8,1,434,434,60,26,26,26,26,28.8,7.2,0.06,0,0,0,0,0,0,0,0,0,0,0,0,0,0,0,0,0,0,0,0,n,118,6,714,1342,1343,1730,1813,1814,-1,-1,-1,69,6,1,50,40
34,Criatura 35,Creature 35,9,1,530,530,60,32,32,32,32,34,8.5,0.1,0,0,0,0,0,0,0,0,0,0,0,0,0,0,0,0,0,0,0,0,n,140,6,7,1115,1116,1117,1344,1731,1732,1733,1734,86,6,1,50,40
35,Criatura 36,Creature 36,5,1,290,290,60,17,17,17,17,21,5.25,0.07,0,0,0,0,0,0,0,0,0,0,0,0,0,0,0,0,0,0,0,0,n,63,140,234,909,910,1352,1700,1810,-1,-1,-1,30,6,1,50,40
36,Criatura 37,Creature 37,6,1,338,338,60,20,20,20,20,23.6,5.9,0.16,0,0,0,0,0,0,0,0,0,0,0,0,0,0,0,0,0,0,0,0,n,82,4,234,911,1353,1354,1719,1811,-1,-1,-1,41,6,1,50,40
37,Criatura 38,Creature 38,7,1,386,386,60,23,23,23,23,26.2,6.55,0.12,0,0,0,0,0,0,0,0,0,0,0,0,0,0,0,0,0,0,0,0,n,97,5,141,1112,1113,1355,1729,1812,-1,-1,-1,54,6,1,50,40
38,Criatura 39,Creature 39,8,1,434,434,60,26,26,26,26,28.8,7.2,0.08,0,0,0,0,0,0,0,0,0,0,0,0,0,0,0,0,0,0,0,0,n,118,6,1114,1356,1357,1730,1813,1814,-1,-1,-1,69,6,1,50,40
39,Criatura 40,Creature 40,9,1,530,530,60,32,32,32,32,34,8.5,0.07,0,0,0,0,0,0,0,0,0,0,0,0,0,0,0,0,0,0,0,0,n,140,6,7,515,516,517,1358,1731,1732,1733,1734,86,6,1,50,40
40,Criatura 41,Creature 41,5,1,290,290,60,17,17,17,17,21,5.25,0.17,0,0,0,0,0,0,0,0,0,0,0,0,0,0,0,0,0,0,0,0,n,63,140,246,1109,1110,1359,1700,1810,-1,-1,-1,30,6,1,50,40
41,Criatura 42,Creature 42,6,1,338,338,60,20,20,20,20,23.6,5.9,0.13,0,0,0,0,0,0,0,0,0,0,0,0,0,0,0,0,0,0,0,0,n,82,4,246,1111,1360,1361,1705,1811,-1,-1,-1,41,6,1,50,40
42,Criatura 43,Creature 43,7,1,386,386,60,23,23,23,23,26.2,6.55,0.19,0,0,0,0,0,0,0,0,0,0,0,0,0,0,0,0,0,0,0,0,n,97,5,141,312,313,1362,1729,1812,-1,-1,-1,54,6,1,50,40
43,Criatura 44,Creature 44,8,1,434,434,60,26,26,26,26,28.8,7.2,0.09,0,0,0,0,0,0,0,0,0,0,0,0,0,0,0,0,0,0,0,0,n,118,6,314,1363,1364,1730,1813,1814,-1,-1,-1,69,6,1,50,40
44,Criatura 45,Creature 45,9,1,530,530,60,32,32,32,32,34,8.5,0.12,0,0,0,0,0,0,0,0,0,0,0,0,0,0,0,0,0,0,0,0,n,140,6,7,715,716,717,1365,1731,1732,1733,1734,86,6,1,50,40
45,Criatura 46,Creature 46,5,1,290,290,60,17,17,17,17,21,5.25,0.06,0,0,0,0,0,0,0,0,0,0,0,0,0,0,0,0,0,0,0,0,n,63,140,222,309,310,1331,1700,1810,-1,-1,-1,30,6,1,50,40
46,Criatura 47,Creature 47,6,1,338,338,60,20,20,20,20,23.6,5.9,0.18,0,0,0,0,0,0,0,0,0,0,0,0,0,0,0,0,0,0,0,0,n,82,4,222,311,1332,1333,1705,1811,-1,-1,-1,41,6,1,50,40
47,Criatura 48,Creature 48,7,1,386,386,60,23,23,23,23,26.2,6.55,0.06,0,0,0,0,0,0,0,0,0,0,0,0,0,0,0,0,0,0,0,0,n,97,5,141,512,513,1334,1729,1812,-1,-1,-1,54,6,1,50,40
48,Criatura 49,Creature 49,8,1,434,434,60,26,26,26,26,28.8,7.2,0.06,0,0,0,0,0,0,0,0,0,0,0,0,0,0,0,0,0,0,0,0,n,118,6,514,1335,1336,1730,1813,1814,-1,-1,-1,69,6,1,50,40
49,Criatura 50,Creature 50,9,1,530,530,60,32,32,32,32,34,8.5,0.15,0,0,0,0,0,0,0,0,0,0,0,0,0,0,0,0,0,0,0,0,n,140,6,7,915,916,917,1337,1731,1732,1733,1734,86,6,1,50,40
50,Criatura 51,Creature 51,10,1,530,530,60,32,32,32,32,34,8.5,0.15,0.2,0.1,0.08,59,0.15,0.13,65,0.14,0.08,5.73,0.05,133,0.07,0.17,6.46,7.24,66,0.15,0.06,62,p,177,8,235,718,719,1380,1381,1700,1885,-1,-1,105,5,1,49,34
51,Criatura 52,Creature 52,11,1,578,578,60,35,35,35,35,36.6,9.15,0.13,0.11,0.18,0.05,74,0.2,0.08,95,0.15,0.1,9.58,5.81,145,0.17,0.13,8.99,0.83,96,0.06,0.2,128,w,193,9,720,521,1382,1383,1710,1886,1887,-1,-1,126,4,1,42,28
52,Criatura 53,Creature 53,12,1,626,626,60,38,38,38,38,39.2,9.8,0.19,0.19,0.11,0.18,52,0.06,0.19,72,0.08,0.07,0.22,6.15,68,0.11,0.18,3.33,0.84,148,0.17,0.2,95,l,209,10,122,522,523,1384,1735,1888,1889,-1,-1,149,7,1,39,32
53,Criatura 54,Creature 54,13,1,674,674,60,41,41,41,41,41.8,10.45,0.11,0.15,0.14,0.19,104,0.1,0.12,81,0.08,0.08,12.52,5.89,86,0.07,0.06,2.27,0.86,128,0.18,0.12,54,a,245,11,123,924,925,926,1736,1737,1963,-1,-1,174,7,1,33,32
54,Criatura 55,Creature 55,14,1,770,770,60,47,47,47,47,47,11.75,0.15,0.09,0.11,0.06,148,0.08,0.1,91,0.11,0.12,11.5,7.74,50,0.07,0.06,12.39,1.94,89,0.06,0.17,108,d,263,1127,1128,1129,1385,1386,1738,1739,1740,1741,1742,201,7,1,60,44
55,Criatura 56,Creature 56,10,1,530,530,60,32,32,32,32,34,8.5,0.07,0.15,0.16,0.16,103,0.14,0.14,142,0.15,0.17,2.19,5.11,100,0.08,0.18,3.03,8.77,107,0.08,0.15,90,a,177,8,223,318,319,1366,1367,1700,1855,-1,-1,105,6,1,50,48
56,Criatura 57,Creature 57,11,1,578,578,60,35,35,35,35,36.6,9.15,0.19,0.14,0.07,0.12,132,0.11,0.08,77,0.05,0.11,8.94,5.83,100,0.15,0.14,8.64,2.11,136,0.18,0.05,58,w,193,9,320,1121,1368,1369,1706,1856,1857,-1,-1,126,6,1,37,22
57,Criatura 58,Creature 58,12,1,626,626,60,38,38,38,38,39.2,9.8,0.09,0.07,0.09,0.08,79,0.11,0.14,75,0.19,0.18,0.55,11.13,142,0.06,0.17,0.65,4.85,134,0.11,0.19,78,t,209,10,122,1122,1123,1370,1735,1858,1859,-1,-1,149,6,1,52,36
58,Criatura 59,Creature 59,13,1,674,674,60,41,41,41,41,41.8,10.45,0.09,0.08,0.11,0.18,92,0.07,0.16,136,0.13,0.06,7.37,9.92,138,0.08,0.1,1.56,1.19,114,0.08,0.19,106,w,245,11,123,524,525,526,1736,1737,1952,-1,-1,174,4,1,39,56
59,Criatura 60,Creature 60,14,1,770,770,60,47,47,47,47,47,11.75,0.16,0.15,0.2,0.15,61,0.17,0.19,81,0.05,0.2,13.38,10.1,90,0.08,0.08,9.72,13.12,86,0.07,0.19,68,d,263,727,728,729,1371,1372,1738,1739,1740,1741,1742,201,5,1,51,22
60,Criatura 61,Creature 61,10,1,530,530,60,32,32,32,32,34,8.5,0.14,0.11,0.07,0.07,95,0.15,0.16,140,0.15,0.09,8.46,3.31,134,0.09,0.07,3.84,0.93,87,0.12,0.18,60,s,177,8,241,918,919,1387,1388,1700,1964,-1,-1,105,6,1,37,48
61,Criatura 62,Creature 62,11,1,578,578,60,35,35,35,35,36.6,9.15,0.05,0.06,0.11,0.14,142,0.19,0.06,111,0.06,0.09,9.36,10.01,74,0.08,0.14,10.98,1.68,66,0.14,0.13,107,l,193,9,920,721,1389,1390,1715,1965,-1,-1,-1,126,5,1,33,36
62,Criatura 63,Creature 63,12,1,626,626,60,38,38,38,38,39.2,9.8,0.06,0.17,0.11,0.17,134,0.11,0.19,72,0.18,0.09,4.75,6.09,82,0.19,0.12,3.83,1.22,112,0.06,0.19,108,d,209,10,122,722,723,1391,1735,1966,-1,-1,-1,149,5,1,49,42
63,Criatura 64,Creature 64,13,1,674,674,60,41,41,41,41,41.8,10.45,0.19,0.08,0.17,0.1,55,0.11,0.13,50,0.11,0.2,10.57,10.83,73,0.15,0.15,7.84,11.57,102,0.2,0.09,133,p,245,11,123,1124,1125,1126,1736,1737,1967,-1,-1,174,4,1,55,46
64,Criatura 65,Creature 65,14,1,770,770,60,47,47,47,47,47,11.75,0.14,0.16,0.2,0.16,57,0.08,0.12,125,0.12,0.06,7.12,1.7,61,0.05,0.1,12.93,11.69,91,0.1,0.15,77,w,263,327,328,329,1392,1393,1738,1739,1740,1741,1742,201,6,1,57,52
65,Criatura 66,Creature 66,10,1,530,530,60,32,32,32,32,34,8.5,0.18,0.19,0.17,0.2,101,0.09,0.08,66,0.19,0.17,2.79,6.11,99,0.09,0.06,3.2,5,111,0.07,0.18,146,t,177,8,247,1118,1119,1394,1395,1700,1978,-1,-1,105,6,1,44,30
66,Criatura 67,Creature 67,11,1,578,578,60,35,35,35,35,36.6,9.15,0.1,0.17,0.17,0.11,114,0.17,0.13,94,0.06,0.13,8.72,10.64,132,0.09,0.11,7.97,9.7,113,0.09,0.06,51,a,193,9,1120,921,1396,1397,1710,1979,-1,-1,-1,126,4,1,55,22
67,Criatura 68,Creature 68,12,1,626,626,60,38,38,38,38,39.2,9.8,0.13,0.15,0.09,0.17,54,0.1,0.08,102,0.13,0.17,7.78,11.12,111,0.09,0.09,5.93,2.51,75,0.11,0.09,61,t,209,10,122,922,923,1398,1735,1980,-1,-1,-1,149,4,1,50,46
68,Criatura 69,Creature 69,13,1,674,674,60,41,41,41,41,41.8,10.45,0.12,0.11,0.15,0.08,107,0.15,0.18,78,0.09,0.16,8.29,2.19,76,0.16,0.11,4.22,5.11,145,0.08,0.12,109,w,245,11,123,324,325,326,1736,1737,-1,-1,-1,174,7,1,34,36
69,Criatura 70,Creature 70,14,1,770,770,60,47,47,47,47,47,11.75,0.11,0.18,0.17,0.11,107,0.13,0.18,117,0.14,0.11,0.96,7.99,111,0.12,0.18,6.34,12.38,81,0.1,0.14,71,t,263,527,528,529,1399,1400,1738,1739,1740,1741,1742,201,7,1,42,56
70,Criatura 71,Creature 71,10,1,530,530,60,32,32,32,32,34,8.5,0.18,0.18,0.07,0.15,57,0.09,0.15,149,0.06,0.08,9.28,3.85,120,0.06,0.14,5.75,3.57,104,0.13,0.06,56,d,177,8,229,518,519,1373,1374,1700,1875,-1,-1,105,7,1,41,50
71,Criatura 72,Creature 72,11,1,578,578,60,35,35,35,35,36.6,9.15,0.16,0.17,0.11,0.06,83,0.17,0.15,88,0.11,0.19,9.81,1.38,114,0.09,0.09,10.65,9.81,55,0.19,0.06,54,n,193,9,520,321,1375,1376,1707,1876,1877,-1,-1,126,5,1,37,32
72,Criatura 73,Creature 73,12,1,626,626,60,38,38,38,38,39.2,9.8,0.12,0.12,0.19,0.16,68,0.17,0.14,129,0.17,0.05,0.15,2.02,129,0.11,0.12,4.35,10.09,83,0.12,0.13,75,l,209,10,122,322,323,1377,1735,1878,1879,-1,-1,149,7,1,59,50
73,Criatura 74,Creature 74,13,1,674,674,60,41,41,41,41,41.8,10.45,0.15,0.15,0.09,0.06,70,0.11,0.09,104,0.07,0.16,12.12,10.69,116,0.19,0.11,9.59,5.31,145,0.19,0.1,50,t,245,11,123,724,725,726,1736,1737,1960,-1,-1,174,5,1,44,56
74,Criatura 75,Creature 75,14,1,770,770,60,47,47,47,47,47,11.75,0.12,0.12,0.11,0.11,74,0.19,0.14,96,0.17,0.2,4.46,0.01,67,0.09,0.2,3.7,9.26,139,0.14,0.13,75,p,263,927,928,929,1378,1379,1738,1739,1740,1741,1742,201,4,1,59,52
75,Criatura 76,Creature 76,15,1,770,770,60,47,47,47,47,47,11.75,0.16,0.12,0.13,0.1,121,0.1,0.06,87,0.15,0.05,6.58,5.95,133,0.12,0.06,7.35,10.86,141,0.14,0.18,105,w,296,12,242,930,931,1419,1700,1890,1894,-1,-1,230,4,1,44,24
76,Criatura 77,Creature 77,16,1,818,818,60,50,50,50,50,49.6,12.4,0.2,0.08,0.1,0.19,141,0.11,0.13,111,0.06,0.1,10.56,5.77,94,0.14,0.19,5.46,5.83,111,0.18,0.14,72,d,310,13,142,160,733,932,1420,1716,1743,1891,-1,261,4,1,39,46
77,Criatura 78,Creature 78,17,1,866,866,60,53,53,53,53,52.2,13.05,0.15,0.16,0.17,0.18,141,0.1,0.09,52,0.16,0.19,7.4,2.43,99,0.06,0.08,0.16,15.12,58,0.17,0.1,134,e,342,14,143,161,734,1421,1744,1892,1893,-1,-1,294,5,1,48,60
78,Criatura 79,Creature 79,18,1,914,914,60,56,56,56,56,54.8,13.7,0.14,0.07,0.11,0.18,107,0.08,0.06,112,0.06,0.16,14.18,1.94,112,0.12,0.09,12.8,2.64,133,0.18,0.12,97,n,392,15,162,163,242,735,1745,1746,1968,-1,-1,329,7,1,51,22
79,Criatura 80,Creature 80,19,1,1010,1010,60,62,62,62,62,60,15,0.2,0.05,0.11,0.09,74,0.16,0.07,51,0.07,0.18,17.86,2.43,95,0.18,0.15,15.56,18.5,143,0.1,0.15,108,p,396,164,165,536,537,538,1422,1423,1424,1747,1748,366,6,1,42,48
80,Criatura 81,Creature 81,15,1,770,770,60,47,47,47,47,47,11.75,0.06,0.06,0.14,0.1,134,0.16,0.13,137,0.08,0.19,3.93,13.47,83,0.09,0.12,2.67,6.47,120,0.2,0.12,122,d,296,12,224,330,331,1401,1700,1860,1861,1862,-1,230,5,1,59,48
81,Criatura 82,Creature 82,16,1,818,818,60,50,50,50,50,49.6,12.4,0.12,0.1,0.07,0.15,116,0.19,0.06,66,0.19,0.1,5.98,10.31,140,0.19,0.12,3.31,10.41,74,0.1,0.07,82,a,310,13,142,160,1133,332,1402,1708,1743,1863,-1,261,7,1,53,44
82,Criatura 83,Creature 83,17,1,866,866,60,53,53,53,53,52.2,13.05,0.17,0.06,0.17,0.15,150,0.18,0.08,126,0.15,0.12,14.52,6.89,75,0.09,0.11,12.79,6.49,93,0.11,0.05,69,s,342,14,143,161,1134,1403,1744,1864,1953,1954,-1,294,5,1,58,54
83,Criatura 84,Creature 84,18,1,914,914,60,56,56,56,56,54.8,13.7,0.07,0.13,0.16,0.1,116,0.18,0.08,92,0.18,0.08,5.37,15.9,56,0.08,0.18,9.51,2.69,140,0.12,0.17,150,t,392,15,162,163,224,1135,1745,1746,1955,-1,-1,329,4,1,35,52
84,Criatura 85,Creature 85,19,1,1010,1010,60,62,62,62,62,60,15,0.18,0.1,0.11,0.08,89,0.18,0.15,132,0.07,0.16,5.48,16.29,90,0.11,0.17,3.77,10.04,127,0.07,0.07,103,e,396,164,165,936,937,938,1404,1405,1406,1747,1748,366,7,1,43,48
85,Criatura 86,Creature 86,15,1,770,770,60,47,47,47,47,47,11.75,0.16,0.15,0.09,0.13,84,0.18,0.12,78,0.13,0.2,9.28,12.24,97,0.15,0.12,13.06,13.94,99,0.14,0.08,64,e,296,12,230,530,531,1407,1700,1870,1871,1872,-1,230,6,1,41,46
86,Criatura 87,Creature 87,16,1,818,818,60,50,50,50,50,49.6,12.4,0.1,0.14,0.08,0.07,75,0.09,0.19,92,0.12,0.15,0.65,3.42,53,0.09,0.15,10.69,12.16,89,0.17,0.07,85,e,310,13,142,160,333,532,1408,1711,1743,1873,-1,261,6,1,56,30
87,Criatura 88,Creature 88,17,1,866,866,60,53,53,53,53,52.2,13.05,0.2,0.09,0.13,0.14,103,0.12,0.14,141,0.12,0.1,0.23,5.66,89,0.2,0.18,11.71,8.72,67,0.07,0.14,51,n,342,14,143,161,334,1409,1744,1874,1957,1958,-1,294,5,1,38,54
88,Criatura 89,Creature 89,18,1,914,914,60,56,56,56,56,54.8,13.7,0.06,0.1,0.17,0.16,74,0.13,0.19,87,0.15,0.14,12.24,17.16,98,0.05,0.16,4.25,13.43,58,0.08,0.15,64,a,392,15,162,163,230,335,1745,1746,1959,-1,-1,329,5,1,33,50
89,Criatura 90,Creature 90,19,1,1010,1010,60,62,62,62,62,60,15,0.12,0.05,0.12,0.13,130,0.06,0.12,146,0.1,0.13,3.22,12.72,103,0.09,0.19,10.48,15.25,61,0.06,0.17,72,t,396,164,165,1136,1137,1138,1410,1411,1412,1747,1748,366,4,1,59,32
90,Criatura 91,Creature 91,15,1,770,770,60,47,47,47,47,47,11.75,0.06,0.06,0.16,0.15,73,0.18,0.17,85,0.12,0.07,13.35,13.49,141,0.07,0.16,13.5,1.99,93,0.05,0.07,73,d,296,12,248,1130,1131,1425,1700,1975,1976,-1,-1,230,5,1,60,52
91,Criatura 92,Creature 92,16,1,818,818,60,50,50,50,50,49.6,12.4,0.19,0.2,0.17,0.11,132,0.09,0.14,130,0.08,0.07,4.68,10.97,72,0.09,0.17,2.55,4.16,106,0.11,0.07,100,l,310,13,142,160,933,1132,1426,1722,1743,-1,-1,261,6,1,39,54
92,Criatura 93,Creature 93,17,1,866,866,60,53,53,53,53,52.2,13.05,0.17,0.12,0.13,0.17,112,0.18,0.2,107,0.16,0.11,8.72,14.22,122,0.13,0.1,10.07,16.07,74,0.19,0.19,105,e,342,14,143,161,934,1427,1744,1977,-1,-1,-1,294,6,1,43,44
93,Criatura 94,Creature 94,18,1,914,914,60,56,56,56,56,54.8,13.7,0.1,0.08,0.18,0.15,92,0.06,0.13,99,0.1,0.18,8.78,10.8,148,0.16,0.19,3.25,16.38,64,0.15,0.15,90,n,392,15,162,163,248,935,1745,1746,-1,-1,-1,329,5,1,55,26
94,Criatura 95,Creature 95,19,1,1010,1010,60,62,62,62,62,60,15,0.05,0.18,0.06,0.07,56,0.12,0.17,62,0.17,0.08,2.75,7.48,55,0.07,0.06,7.95,4.29,117,0.2,0.16,75,s,396,164,165,736,737,738,1428,1429,1430,1747,1748,366,6,1,46,30
95,Criatura 96,Creature 96,15,1,770,770,60,47,47,47,47,47,11.75,0.09,0.09,0.15,0.2,88,0.06,0.13,63,0.17,0.16,6.43,6.05,86,0.18,0.08,14.82,2.67,130,0.16,0.16,86,t,296,12,236,730,731,1413,1700,1880,1881,1882,-1,230,4,1,47,26
96,Criatura 97,Creature 97,16,1,818,818,60,50,50,50,50,49.6,12.4,0.15,0.2,0.2,0.12,146,0.08,0.16,122,0.19,0.15,11.7,15.18,91,0.1,0.19,11.66,12.73,137,0.18,0.18,90,p,310,13,142,160,533,732,1414,1714,1743,1883,-1,261,4,1,57,52
97,Criatura 98,Creature 98,17,1,866,866,60,53,53,53,53,52.2,13.05,0.15,0.1,0.11,0.1,140,0.13,0.15,77,0.09,0.09,5.2,9.95,148,0.19,0.06,14.28,7.43,98,0.05,0.18,145,w,342,14,143,161,534,1415,1744,1884,1961,-1,-1,294,4,1,55,54
98,Criatura 99,Creature 99,18,1,914,914,60,56,56,56,56,54.8,13.7,0.1,0.08,0.17,0.1,149,0.16,0.13,82,0.12,0.08,9.84,10.11,107,0.07,0.2,2.31,3.24,86,0.2,0.16,149,l,392,15,162,163,236,535,1745,1746,1962,-1,-1,329,7,1,54,54
99,Criatura 100,Creature 100,19,1,1010,1010,60,62,62,62,62,60,15,0.16,0.06,0.1,0.12,113,0.11,0.1,63,0.16,0.15,18.16,1.42,129,0.16,0.19,0.65,9.81,145,0.17,0.15,73,p,396,164,165,336,337,338,1416,1417,1418,1747,1748,366,6,1,46,52
100,Criatura 101,Creature 101,20,1,1010,1010,60,62,62,62,62,60,15,0.1,0.18,0.07,0.1,142,0.14,0.2,95,0.15,0.14,7.38,2.49,97,0.16,0.07,16.29,11.41,109,0.19,0.16,116,p,402,16,124,166,237,739,740,1445,1700,1895,1896,405,4,1,37,36
101,Criatura 102,Creature 102,21,1,1058,1058,60,65,65,65,65,62.6,15.65,0.15,0.12,0.13,0.07,73,0.06,0.14,144,0.11,0.14,11.44,8.78,109,0.06,0.13,5.28,19.94,135,0.14,0.14,82,p,481,17,125,167,741,542,1446,1720,1749,1897,1898,446,4,1,58,24
102,Criatura 103,Creature 103,22,1,1106,1106,60,68,68,68,68,65.2,16.3,0.18,0.11,0.13,0.11,148,0.17,0.07,96,0.18,0.07,16.33,15.97,72,0.13,0.11,10.7,11.75,54,0.15,0.11,104,p,498,18,128,168,543,544,1447,1750,1751,1899,-1,489,5,1,42,36
103,Criatura 104,Creature 104,23,1,1154,1154,60,71,71,71,71,67.8,16.95,0.19,0.15,0.19,0.17,135,0.12,0.08,104,0.17,0.13,6.94,12.34,73,0.11,0.1,11.02,0.28,61,0.2,0.18,83,f,540,19,129,169,1448,1449,1450,1752,1969,1970,-1,534,7,1,60,46
104,Criatura 105,Creature 105,24,1,1250,1250,60,77,77,77,77,73,18.25,0.09,0.06,0.07,0.16,144,0.07,0.06,115,0.13,0.15,13.44,18.34,127,0.14,0.17,18.76,13.17,128,0.13,0.13,59,e,581,20,21,170,171,345,346,347,1451,1753,1754,581,6,1,37,32
105,Criatura 106,Creature 106,20,1,1010,1010,60,62,62,62,62,60,15,0.18,0.15,0.19,0.17,101,0.18,0.14,103,0.18,0.12,3.93,18.56,91,0.06,0.17,18.31,5.83,99,0.15,0.13,114,p,402,16,124,166,231,539,540,1438,1700,1865,-1,405,5,1,40,52
106,Criatura 107,Creature 107,21,1,1058,1058,60,65,65,65,65,62.6,15.65,0.1,0.13,0.2,0.15,146,0.06,0.06,58,0.13,0.14,3.15,12.02,127,0.15,0.06,0.94,9.21,98,0.12,0.1,70,t,481,17,125,167,541,342,1439,1717,1749,1866,-1,446,6,1,59,58
107,Criatura 108,Creature 108,22,1,1106,1106,60,68,68,68,68,65.2,16.3,0.09,0.17,0.13,0.14,113,0.1,0.13,58,0.2,0.15,9.96,16.13,73,0.15,0.19,4.76,6.54,114,0.15,0.18,132,t,498,18,128,168,343,344,1440,1750,1751,1867,-1,489,4,1,55,36
108,Criatura 109,Creature 109,23,1,1154,1154,60,71,71,71,71,67.8,16.95,0.06,0.1,0.19,0.11,88,0.13,0.13,69,0.08,0.1,2.55,15.34,52,0.11,0.17,22.99,16.61,68,0.08,0.05,140,s,540,19,129,169,1441,1442,1443,1752,1868,1869,1956,534,6,1,56,24
109,Criatura 110,Creature 110,24,1,1250,1250,60,77,77,77,77,73,18.25,0.09,0.12,0.15,0.08,57,0.18,0.19,99,0.2,0.13,23.78,17.03,52,0.08,0.17,15.64,2.29,57,0.17,0.15,64,t,581,20,21,170,171,1145,1146,1147,1444,1753,1754,581,5,1,41,30
110,Criatura 111,Creature 111,20,1,1010,1010,60,62,62,62,62,60,15,0.2,0.08,0.18,0.16,101,0.14,0.1,141,0.09,0.13,2.47,5.73,97,0.09,0.15,11.59,10.78,77,0.19,0.11,88,s,402,16,124,166,243,939,940,1452,1700,-1,-1,405,6,1,56,30
111,Criatura 112,Creature 112,21,1,1058,1058,60,65,65,65,65,62.6,15.65,0.08,0.08,0.15,0.13,134,0.06,0.11,117,0.15,0.18,16.34,6.75,120,0.17,0.18,3.21,5.44,87,0.06,0.09,116,w,481,17,125,167,941,742,1453,1721,1749,-1,-1,446,7,1,46,58
112,Criatura 113,Creature 113,22,1,1106,1106,60,68,68,68,68,65.2,16.3,0.07,0.05,0.17,0.15,148,0.08,0.08,110,0.15,0.2,6.09,5.45,109,0.12,0.16,10.14,6.5,69,0.18,0.19,80,s,498,18,168,743,744,1454,1750,1751,1971,-1,-1,489,7,1,57,52
113,Criatura 114,Creature 114,23,1,1154,1154,60,71,71,71,71,67.8,16.95,0.05,0.18,0.11,0.1,56,0.17,0.19,65,0.16,0.15,8.45,5.86,114,0.2,0.09,9.25,10.43,111,0.18,0.08,86,e,540,19,169,243,1455,1456,1457,1752,1972,-1,-1,534,7,1,48,40
114,Criatura 115,Creature 115,24,1,1250,1250,60,77,77,77,77,73,18.25,0.08,0.06,0.07,0.14,124,0.13,0.11,117,0.09,0.14,22.88,12.95,68,0.09,0.19,20.69,5.21,54,0.15,0.11,55,t,581,20,21,170,171,545,546,547,1458,1753,1754,581,7,1,35,32
115,Criatura 116,Creature 116,20,1,1010,1010,60,62,62,62,62,60,15,0.19,0.17,0.18,0.13,148,0.11,0.11,137,0.1,0.18,8.31,6.02,89,0.13,0.06,14.57,0.53,53,0.07,0.17,121,t,402,16,124,166,249,1139,1140,1459,1700,1900,-1,405,4,1,58,38
116,Criatura 117,Creature 117,21,1,1058,1058,60,65,65,65,65,62.6,15.65,0.1,0.14,0.16,0.12,85,0.15,0.17,147,0.13,0.09,5.23,14.51,105,0.07,0.16,6.1,15.53,98,0.18,0.07,134,e,481,17,125,167,1141,942,1460,1712,1749,1901,-1,446,4,1,53,46
117,Criatura 118,Creature 118,22,1,1106,1106,60,68,68,68,68,65.2,16.3,0.06,0.08,0.06,0.14,104,0.19,0.12,97,0.1,0.16,3.82,5.43,120,0.16,0.15,12.16,15.71,75,0.19,0.15,134,a,498,18,168,943,944,1461,1750,1751,1902,1903,-1,489,6,1,33,22
118,Criatura 119,Creature 119,23,1,1154,1154,60,71,71,71,71,67.8,16.95,0.19,0.06,0.14,0.14,93,0.14,0.13,77,0.17,0.1,21.07,12.89,141,0.15,0.15,17.07,14.12,55,0.09,0.16,53,a,540,19,169,1462,1463,1464,1752,1904,1973,1974,-1,534,7,1,31,26
119,Criatura 120,Creature 120,24,1,1250,1250,60,77,77,77,77,73,18.25,0.09,0.06,0.06,0.12,86,0.07,0.12,67,0.07,0.11,4.84,20.54,97,0.13,0.14,8.43,4.37,88,0.17,0.06,81,w,581,20,21,170,171,745,746,747,1465,1753,1754,581,5,1,48,44
120,Criatura 121,Creature 121,20,1,1010,1010,60,62,62,62,62,60,15,0.12,0.16,0.09,0.14,66,0.08,0.13,85,0.17,0.14,15.26,13.33,88,0.14,0.09,11.82,10.97,65,0.11,0.15,75,d,402,16,124,166,225,339,340,1431,1700,1850,-1,405,7,1,45,40
121,Criatura 122,Creature 122,21,1,1058,1058,60,65,65,65,65,62.6,15.65,0.17,0.16,0.08,0.16,80,0.13,0.08,116,0.19,0.12,4.83,5.54,128,0.13,0.08,1.39,13.59,50,0.19,0.13,139,f,481,17,125,167,341,1142,1432,1712,1749,1851,-1,446,5,1,37,44
122,Criatura 123,Creature 123,22,1,1106,1106,60,68,68,68,68,65.2,16.3,0.19,0.08,0.06,0.19,138,0.17,0.08,130,0.07,0.19,15.77,15.33,98,0.11,0.11,8.48,12.5,81,0.09,0.18,140,t,498,18,168,1143,1144,1433,1750,1751,1852,1853,-1,489,7,1,34,50
123,Criatura 124,Creature 124,23,1,1154,1154,60,71,71,71,71,67.8,16.95,0.1,0.06,0.08,0.13,61,0.16,0.08,107,0.05,0.07,18.16,19.03,65,0.07,0.1,6.37,20.22,136,0.13,0.2,59,p,540,19,169,1434,1435,1436,1752,1854,1950,1951,-1,534,6,1,50,26
124,Criatura 125,Creature 125,24,1,1250,1250,60,77,77,77,77,73,18.25,0.16,0.18,0.06,0.13,95,0.16,0.1,85,0.06,0.18,18.33,6.41,108,0.18,0.1,21.14,5.51,141,0.1,0.16,138,d,581,20,21,170,171,945,946,947,1437,1753,1754,581,7,1,36,52
125,Criatura 126,Creature 126,25,1,1250,1250,60,77,77,77,77,73,18.25,0.09,0.17,0.06,0.13,55,0.15,0.09,112,0.17,0.16,8.74,9.74,68,0.13,0.13,10.06,9.24,126,0.15,0.11,80,p,600,22,172,250,348,1700,-1,-1,-1,-1,-1,630,6,1,44,30
126,Criatura 127,Creature 127,26,1,1298,1298,60,80,80,80,80,75.6,18.9,0.17,0.07,0.09,0.18,139,0.11,0.06,55,0.17,0.12,24.57,0.38,115,0.19,0.11,10.7,4.6,57,0.13,0.17,139,w,637,23,144,349,1466,1467,-1,-1,-1,-1,-1,681,7,1,58,28
127,Criatura 128,Creature 128,27,1,1346,1346,60,83,83,83,83,78.2,19.55,0.16,0.1,0.12,0.08,137,0.18,0.14,118,0.17,0.14,2.93,0.01,105,0.14,0.05,5.55,21.02,108,0.12,0.17,73,e,645,22,145,250,350,1981,-1,-1,-1,-1,-1,734,6,1,34,42
128,Criatura 129,Creature 129,28,1,1394,1394,60,86,86,86,86,80.8,20.2,0.14,0.16,0.1,0.11,68,0.13,0.14,79,0.18,0.11,13.53,17.55,136,0.1,0.05,3.49,3.49,125,0.18,0.06,107,n,700,23,173,548,1468,1982,-1,-1,-1,-1,-1,789,7,1,55,34
129,Criatura 130,Creature 130,29,1,1490,1490,60,92,92,92,92,86,21.5,0.15,0.19,0.14,0.18,103,0.18,0.09,64,0.14,0.15,15.42,8.04,126,0.15,0.16,22.63,28.74,74,0.17,0.08,76,s,765,144,145,549,550,1469,1470,1471,1690,1755,1756,846,6,1,49,58
130,Criatura 131,Creature 131,30,1,1490,1490,60,92,92,92,92,86,21.5,0.08,0.14,0.05,0.05,57,0.18,0.07,139,0.09,0.11,9.69,4.29,118,0.17,0.19,24.88,8.76,123,0.16,0.17,89,a,770,22,174,252,551,1700,-1,-1,-1,-1,-1,905,4,1,44,42
131,Criatura 132,Creature 132,31,1,1538,1538,60,95,95,95,95,88.6,22.15,0.07,0.2,0.17,0.11,102,0.14,0.17,118,0.14,0.14,10.74,25.7,53,0.13,0.13,15.01,26.71,71,0.11,0.07,61,d,789,23,126,552,1479,1480,-1,-1,-1,-1,-1,966,6,1,50,40
132,Criatura 133,Creature 133,32,1,1586,1586,60,98,98,98,98,91.2,22.8,0.18,0.06,0.1,0.17,74,0.09,0.11,88,0.17,0.14,25,29.56,128,0.12,0.13,25.57,24.6,97,0.19,0.18,113,n,790,22,127,553,1983,1984,-1,-1,-1,-1,-1,1029,4,1,46,46
133,Criatura 134,Creature 134,33,1,1634,1634,60,101,101,101,101,93.8,23.45,0.07,0.15,0.13,0.08,102,0.15,0.07,54,0.05,0.05,11.21,13.96,100,0.11,0.17,31.92,32.1,142,0.06,0.07,115,d,805,23,175,351,1481,1985,-1,-1,-1,-1,-1,1094,4,1,57,50
134,Criatura 135,Creature 135,34,1,1730,1730,60,107,107,107,107,99,24.75,0.14,0.12,0.11,0.06,128,0.1,0.17,120,0.12,0.11,15.31,18.64,91,0.14,0.17,30.95,32.38,139,0.05,0.2,91,l,936,126,127,352,353,1482,1483,1484,1691,1757,1758,1161,6,1,35,46
135,Criatura 136,Creature 136,30,1,1730,1730,60,107,107,107,107,99,24.75,0.18,0.09,0.07,0.18,113,0.18,0.08,93,0.11,0.16,15.92,22.14,80,0.09,0.12,26.34,2.2,101,0.07,0.06,110,f,770,24,176,252,1493,1700,-1,-1,-1,-1,-1,905,7,1,45,50
136,Criatura 137,Creature 137,31,1,1778,1778,60,110,110,110,110,101.6,25.4,0.18,0.07,0.11,0.19,75,0.18,0.16,100,0.1,0.07,4.87,5.65,91,0.09,0.15,13.22,22.59,109,0.19,0.15,113,w,789,25,146,354,554,1494,-1,-1,-1,-1,-1,966,6,1,35,24
137,Criatura 138,Creature 138,32,1,1826,1826,60,113,113,113,113,104.2,26.05,0.18,0.12,0.14,0.19,59,0.11,0.06,123,0.1,0.11,14.52,19.63,77,0.11,0.16,14.66,21.22,76,0.09,0.06,93,t,790,24,147,1495,1496,1759,-1,-1,-1,-1,-1,1029,6,1,59,56
138,Criatura 139,Creature 139,33,1,1874,1874,60,116,116,116,116,106.8,26.7,0.09,0.16,0.11,0.16,77,0.11,0.17,73,0.17,0.06,29.68,12.78,131,0.09,0.11,10.68,27.22,81,0.12,0.1,67,e,805,25,253,355,555,1760,-1,-1,-1,-1,-1,1094,6,1,49,58
139,Criatura 140,Creature 140,34,1,1970,1970,60,122,122,122,122,112,28,0.16,0.18,0.06,0.19,52,0.13,0.17,83,0.08,0.14,33.48,12.26,89,0.15,0.07,0.87,20.48,67,0.19,0.07,88,w,936,24,25,146,147,177,356,556,1497,1498,1692,1161,4,1,44,24
140,Criatura 141,Creature 141,35,1,1970,1970,60,122,122,122,122,112,28,0.08,0.11,0.12,0.1,116,0.13,0.19,90,0.06,0.14,9.29,32.75,85,0.1,0.19,5.84,25.95,131,0.07,0.12,126,a,945,22,172,250,748,1148,1700,-1,-1,-1,-1,1230,6,1,40,56
141,Criatura 142,Creature 142,36,1,2018,2018,60,125,125,125,125,114.6,28.65,0.13,0.17,0.16,0.13,57,0.13,0.12,53,0.15,0.07,34.85,22.97,78,0.17,0.09,12.55,27.62,65,0.16,0.12,105,t,960,23,144,749,1149,1472,1473,-1,-1,-1,-1,1301,5,1,57,56
142,Criatura 143,Creature 143,37,1,2066,2066,60,128,128,128,128,117.2,29.3,0.09,0.17,0.15,0.09,131,0.08,0.13,119,0.18,0.11,4.46,16.74,72,0.12,0.08,22.33,32.68,136,0.14,0.15,111,p,970,22,145,251,750,1905,1906,1907,-1,-1,-1,1374,6,1,36,38
143,Criatura 144,Creature 144,38,1,2114,2114,60,131,131,131,131,119.8,29.95,0.2,0.12,0.12,0.19,103,0.1,0.16,140,0.11,0.16,29.97,3.15,127,0.07,0.11,8.17,35.57,104,0.2,0.09,143,e,1085,23,173,1150,948,1474,1908,1909,-1,-1,-1,1449,7,1,40,50
144,Criatura 145,Creature 145,39,1,2210,2210,60,137,137,137,137,125,31.25,0.12,0.19,0.2,0.08,130,0.11,0.18,129,0.06,0.14,25.4,17.35,79,0.18,0.16,25.73,6.86,86,0.18,0.11,131,n,1100,144,145,949,950,1475,1476,1477,1478,1755,1756,1526,6,1,36,44
145,Criatura 146,Creature 146,35,1,2210,2210,60,137,137,137,137,125,31.25,0.14,0.18,0.06,0.08,85,0.19,0.14,89,0.08,0.06,2.13,30.69,53,0.18,0.13,12.55,12.82,62,0.14,0.16,106,l,945,22,174,251,751,1700,-1,-1,-1,-1,-1,1230,4,1,54,46
146,Criatura 147,Creature 147,36,1,2258,2258,60,140,140,140,140,127.6,31.9,0.13,0.06,0.15,0.18,148,0.14,0.12,68,0.12,0.1,1.24,18.62,90,0.14,0.07,1.23,12.48,90,0.2,0.09,137,e,960,23,126,252,752,1485,-1,-1,-1,-1,-1,1301,5,1,57,54
147,Criatura 148,Creature 148,37,1,2306,2306,60,143,143,143,143,130.2,32.55,0.15,0.2,0.11,0.06,122,0.18,0.15,121,0.19,0.16,29.7,29.39,148,0.14,0.16,23.02,31.19,122,0.16,0.09,105,n,970,22,127,753,951,1486,-1,-1,-1,-1,-1,1374,5,1,42,54
148,Criatura 149,Creature 149,38,1,2354,2354,60,146,146,146,146,132.8,33.2,0.07,0.17,0.08,0.1,147,0.18,0.16,149,0.18,0.17,26.41,6.07,126,0.16,0.14,0.66,4.78,102,0.14,0.13,101,e,1085,23,175,952,1151,1152,1487,-1,-1,-1,-1,1449,7,1,58,34
149,Criatura 150,Creature 150,39,1,2450,2450,60,152,152,152,152,138,34.5,0.15,0.17,0.13,0.08,110,0.08,0.14,94,0.05,0.1,14.34,16.3,140,0.2,0.1,9.25,28.96,110,0.14,0.17,57,f,1100,126,127,953,1153,1488,1489,1490,1491,1757,1758,1526,6,1,58,58
150,Criatura 151,Creature 151,40,1,2450,2450,60,152,152,152,152,138,34.5,0.19,0.16,0.09,0.15,88,0.14,0.15,74,0.1,0.2,36.81,6.48,75,0.14,0.14,11.33,23.96,84,0.09,0.12,81,t,1146,24,176,255,1154,1499,1500,1700,1910,-1,-1,1605,5,1,37,38
151,Criatura 152,Creature 152,41,1,2498,2498,60,155,155,155,155,140.6,35.15,0.12,0.13,0.12,0.15,62,0.14,0.17,100,0.15,0.09,38.57,13.35,125,0.16,0.18,28.86,2.51,115,0.13,0.1,62,a,1148,25,146,754,954,1501,1502,1911,1912,-1,-1,1686,5,1,36,24
152,Criatura 153,Creature 153,42,1,2546,2546,60,158,158,158,158,143.2,35.8,0.13,0.14,0.15,0.16,103,0.16,0.18,133,0.16,0.14,22.76,27.44,93,0.06,0.16,27.17,22.74,102,0.13,0.07,138,w,1150,24,147,1155,1503,1504,1695,1759,-1,-1,-1,1769,4,1,46,52
153,Criatura 154,Creature 154,43,1,2594,2594,60,161,161,161,161,145.8,36.45,0.09,0.06,0.13,0.12,72,0.17,0.17,107,0.11,0.09,21.6,13.2,99,0.15,0.18,10.74,42.57,77,0.15,0.18,51,e,1190,25,256,755,955,1760,1913,1914,-1,-1,-1,1854,4,1,49,38
154,Criatura 155,Creature 155,44,1,2690,2690,60,167,167,167,167,151,37.75,0.15,0.06,0.13,0.06,112,0.16,0.11,128,0.13,0.09,33.81,2.66,133,0.13,0.13,43.97,42.18,117,0.08,0.05,149,p,1209,24,25,146,147,177,756,956,1156,1505,1506,1941,5,1,49,44
155,Criatura 156,Creature 156,40,1,2690,2690,60,167,167,167,167,151,37.75,0.14,0.17,0.17,0.07,110,0.1,0.15,109,0.16,0.18,20.7,35.61,75,0.08,0.1,12.35,18.25,50,0.09,0.09,102,p,1146,24,178,253,1507,1700,-1,-1,-1,-1,-1,1605,7,1,34,26
156,Criatura 157,Creature 157,41,1,2738,2738,60,170,170,170,170,153.6,38.4,0.11,0.06,0.18,0.16,117,0.15,0.14,105,0.06,0.17,40.33,30.47,140,0.16,0.15,33.34,35.65,128,0.16,0.16,108,w,1148,25,146,254,1508,1509,-1,-1,-1,-1,-1,1686,7,1,41,54
157,Criatura 158,Creature 158,42,1,2786,2786,60,173,173,173,173,156.2,39.05,0.11,0.17,0.13,0.15,122,0.05,0.06,51,0.16,0.1,28.59,30.76,145,0.1,0.06,7.02,12.01,124,0.13,0.15,81,t,1150,24,147,253,1700,1759,-1,-1,-1,-1,-1,1769,6,1,39,44
158,Criatura 159,Creature 159,43,1,2834,2834,60,176,176,176,176,158.8,39.7,0.1,0.06,0.06,0.15,110,0.13,0.06,73,0.11,0.11,40.14,38.6,82,0.14,0.09,34.24,36.57,105,0.11,0.14,70,s,1190,25,254,1510,1700,1760,-1,-1,-1,-1,-1,1854,5,1,32,36
159,Criatura 160,Creature 160,44,1,2930,2930,60,182,182,182,182,164,41,0.12,0.19,0.13,0.08,127,0.1,0.14,117,0.19,0.05,4.9,11.73,96,0.19,0.1,15.26,5.19,54,0.08,0.16,134,f,1209,24,25,146,147,179,1511,1512,1696,1697,1700,1941,5,1,60,56
160,Criatura 161,Creature 161,45,1,2930,2930,60,182,182,182,182,164,41,0.13,0.16,0.15,0.12,121,0.08,0.05,145,0.18,0.08,9.5,20.73,79,0.09,0.16,9.31,1.34,78,0.13,0.07,115,n,1336,24,180,256,1513,1700,-1,-1,-1,-1,-1,2030,7,1,43,38
161,Criatura 162,Creature 162,46,1,2978,2978,60,185,185,185,185,166.6,41.65,0.19,0.16,0.1,0.16,103,0.05,0.11,61,0.1,0.14,7.26,19.12,103,0.07,0.06,21.38,20.43,99,0.19,0.19,91,p,1400,25,128,257,357,557,1514,-1,-1,-1,-1,2121,4,1,49,44
162,Criatura 163,Creature 163,47,1,3026,3026,60,188,188,188,188,169.2,42.3,0.18,0.18,0.17,0.17,106,0.06,0.13,97,0.05,0.09,34.9,4.25,91,0.15,0.09,23.73,41.47,59,0.11,0.14,99,p,1465,24,129,256,358,558,1761,-1,-1,-1,-1,2214,7,1,38,50
163,Criatura 164,Creature 164,48,1,3074,3074,60,191,191,191,191,171.8,42.95,0.19,0.18,0.05,0.2,82,0.07,0.12,67,0.07,0.11,12.48,27.14,60,0.15,0.14,2.53,38.39,87,0.18,0.18,72,l,1500,25,257,359,559,1515,1762,-1,-1,-1,-1,2309,4,1,47,54
164,Criatura 165,Creature 165,49,1,3170,3170,60,197,197,197,197,177,44.25,0.18,0.09,0.06,0.15,87,0.15,0.14,67,0.08,0.12,29.48,19.96,130,0.19,0.16,12.79,26.07,79,0.08,0.12,119,w,1540,24,25,128,129,181,1516,1517,1518,1698,1700,2406,5,1,37,40
165,Criatura 166,Creature 166,45,1,3170,3170,60,197,197,197,197,177,44.25,0.08,0.1,0.14,0.1,143,0.08,0.14,117,0.19,0.19,10.41,31.66,135,0.13,0.05,16.59,36.07,86,0.15,0.19,134,p,1336,24,182,256,1519,1700,-1,-1,-1,-1,-1,2030,5,1,45,40
166,Criatura 167,Creature 167,46,1,3218,3218,60,200,200,200,200,179.6,44.9,0.12,0.18,0.17,0.14,63,0.1,0.08,66,0.08,0.09,35.94,34.91,136,0.17,0.18,31.79,4.61,139,0.17,0.11,55,e,1400,25,128,257,757,957,1157,-1,-1,-1,-1,2121,6,1,31,38
167,Criatura 168,Creature 168,47,1,3266,3266,60,203,203,203,203,182.2,45.55,0.08,0.13,0.11,0.15,80,0.07,0.2,121,0.08,0.14,2.11,19.11,56,0.1,0.08,40.24,15.93,77,0.15,0.07,98,d,1465,24,129,758,958,1158,1761,-1,-1,-1,-1,2214,4,1,39,22
168,Criatura 169,Creature 169,48,1,3314,3314,60,206,206,206,206,184.8,46.2,0.09,0.13,0.09,0.12,131,0.1,0.12,81,0.18,0.06,16.09,30.6,113,0.09,0.2,22.31,42.91,64,0.2,0.06,95,e,1500,25,759,959,1159,1762,-1,-1,-1,-1,-1,2309,5,1,41,26
169,Criatura 170,Creature 170,49,1,3410,3410,60,212,212,212,212,190,47.5,0.18,0.18,0.1,0.09,55,0.14,0.06,62,0.09,0.06,5.11,6.17,66,0.09,0.1,31.6,18.55,73,0.19,0.14,78,s,1540,128,129,183,1520,1521,1522,1523,1524,1525,1699,2406,5,1,32,42
170,Criatura 171,Creature 171,50,1,3410,3410,60,212,212,212,212,190,47.5,0.16,0.18,0.13,0.14,76,0.07,0.09,141,0.17,0.18,34.53,7.19,147,0.05,0.09,45.6,8.86,128,0.18,0.18,122,w,1590,26,258,360,560,760,1700,-1,-1,-1,-1,2505,7,1,44,56
171,Criatura 172,Creature 172,51,1,3458,3458,60,215,215,215,215,192.6,48.15,0.2,0.19,0.13,0.2,59,0.11,0.16,65,0.07,0.06,31.24,34.95,135,0.15,0.18,43.32,4.14,108,0.14,0.13,72,d,1608,27,184,960,1160,1526,1527,1763,-1,-1,-1,2606,4,1,49,30
172,Criatura 173,Creature 173,52,1,3506,3506,60,218,218,218,218,195.2,48.8,0.14,0.09,0.11,0.15,92,0.19,0.18,94,0.1,0.07,48.27,37.18,88,0.08,0.11,32.21,10.92,130,0.12,0.07,146,n,1658,148,185,361,561,761,1528,1986,-1,-1,-1,2709,7,1,55,54
173,Criatura 174,Creature 174,53,1,3554,3554,60,221,221,221,221,197.8,49.45,0.17,0.09,0.08,0.06,130,0.11,0.07,102,0.09,0.09,0.05,38.46,122,0.17,0.07,10.69,41.17,123,0.09,0.14,89,e,1717,149,258,961,1161,1700,1764,1987,-1,-1,-1,2814,7,1,53,46
174,Criatura 175,Creature 175,54,1,3650,3650,60,227,227,227,227,203,50.75,0.18,0.05,0.12,0.08,149,0.13,0.14,86,0.09,0.18,42.25,37.53,94,0.06,0.2,42.87,51.16,89,0.14,0.2,72,f,1730,40,362,562,762,962,1162,1529,1530,1531,1690,2921,6,1,53,50
175,Criatura 176,Creature 176,55,1,3650,3650,60,227,227,227,227,203,50.75,0.06,0.12,0.12,0.15,82,0.17,0.18,111,0.19,0.14,15,48.59,51,0.09,0.18,35.89,48.8,125,0.11,0.16,111,d,1782,26,259,363,563,1700,-1,-1,-1,-1,-1,3030,7,1,53,60
176,Criatura 177,Creature 177,56,1,3698,3698,60,230,230,230,230,205.6,51.4,0.12,0.11,0.14,0.12,81,0.2,0.09,56,0.06,0.09,40.99,43.56,60,0.14,0.13,51.1,6.24,68,0.07,0.19,143,a,1810,27,186,364,564,1765,-1,-1,-1,-1,-1,3141,4,1,46,44
177,Criatura 178,Creature 178,57,1,3746,3746,60,233,233,233,233,208.2,52.05,0.19,0.05,0.14,0.19,92,0.11,0.17,146,0.13,0.18,34.17,6.52,117,0.18,0.05,23.5,44.51,126,0.05,0.12,109,w,1812,130,187,365,565,1766,-1,-1,-1,-1,-1,3254,5,1,41,42
178,Criatura 179,Creature 179,58,1,3794,3794,60,236,236,236,236,210.8,52.7,0.16,0.12,0.13,0.15,95,0.11,0.12,55,0.1,0.19,49.3,21.47,149,0.06,0.06,35.03,53.06,113,0.2,0.14,84,w,1836,131,260,1532,1533,1700,-1,-1,-1,-1,-1,3369,4,1,32,40
179,Criatura 180,Creature 180,59,1,3890,3890,60,242,242,242,242,216,54,0.09,0.1,0.13,0.06,52,0.15,0.05,52,0.16,0.19,37.06,30.26,68,0.19,0.14,46.32,1.89,71,0.14,0.11,128,n,1852,26,27,41,259,260,1534,1535,1536,1537,1691,3486,6,1,52,40
180,Criatura 181,Creature 181,55,1,3890,3890,60,242,242,242,242,216,54,0.06,0.15,0.08,0.12,143,0.1,0.19,138,0.17,0.05,40.84,1.52,85,0.18,0.12,15.91,20.61,54,0.06,0.16,84,a,1782,26,763,963,1163,1700,-1,-1,-1,-1,-1,3030,6,1,43,22
181,Criatura 182,Creature 182,56,1,3938,3938,60,245,245,245,245,218.6,54.65,0.11,0.15,0.14,0.13,135,0.15,0.15,63,0.1,0.13,6.82,53.79,99,0.17,0.05,47.37,35.37,97,0.1,0.18,97,t,1810,27,764,964,1164,1538,-1,-1,-1,-1,-1,3141,4,1,51,54
182,Criatura 183,Creature 183,57,1,3986,3986,60,248,248,248,248,221.2,55.3,0.18,0.1,0.19,0.18,138,0.12,0.18,80,0.17,0.05,34.19,22.8,65,0.16,0.11,51.84,49.46,59,0.14,0.1,70,a,1812,130,259,765,965,1165,1765,-1,-1,-1,-1,3254,4,1,55,36
183,Criatura 184,Creature 184,58,1,4034,4034,60,251,251,251,251,223.8,55.95,0.19,0.12,0.07,0.12,55,0.18,0.17,115,0.14,0.1,46.54,28.3,81,0.2,0.11,48.35,1.6,115,0.17,0.19,123,a,1836,131,260,1539,1700,1766,1988,-1,-1,-1,-1,3369,5,1,40,60
184,Criatura 185,Creature 185,59,1,4130,4130,60,257,257,257,257,229,57.25,0.11,0.09,0.13,0.1,104,0.12,0.18,84,0.06,0.09,43.94,24.85,110,0.11,0.15,40.61,20.78,115,0.15,0.2,57,w,1852,42,259,260,130,131,1540,1541,1542,1543,1692,3486,6,1,42,44
185,Criatura 186,Creature 186,60,1,4130,4130,60,257,257,257,257,229,57.25,0.1,0.08,0.16,0.06,142,0.08,0.14,122,0.11,0.15,21.92,55.84,82,0.16,0.17,26.91,37.11,122,0.07,0.18,67,s,1934,26,190,366,566,1700,1915,-1,-1,-1,-1,3605,4,1,38,22
186,Criatura 187,Creature 187,61,1,4178,4178,60,260,260,260,260,231.6,57.9,0.09,0.12,0.19,0.16,138,0.08,0.14,73,0.1,0.16,16.52,23.94,106,0.14,0.06,19.39,40.07,81,0.13,0.07,144,w,1974,27,191,367,567,1767,1916,-1,-1,-1,-1,3726,6,1,45,48
187,Criatura 188,Creature 188,62,1,4226,4226,60,263,263,263,263,234.2,58.55,0.12,0.18,0.06,0.07,144,0.13,0.2,121,0.18,0.09,54.44,18.16,72,0.09,0.13,37.82,53.52,128,0.17,0.08,141,l,2000,150,261,368,568,1768,1917,-1,-1,-1,-1,3849,5,1,35,22
188,Criatura 189,Creature 189,63,1,4274,4274,60,266,266,266,266,236.8,59.2,0.09,0.07,0.09,0.07,143,0.09,0.08,81,0.07,0.13,16.73,49.63,98,0.12,0.12,43.68,33.68,134,0.11,0.16,142,s,2057,151,262,1544,1545,1918,1919,-1,-1,-1,-1,3974,4,1,41,30
189,Criatura 190,Creature 190,64,1,4370,4370,60,272,272,272,272,242,60.5,0.06,0.2,0.15,0.07,110,0.09,0.14,75,0.06,0.07,21.09,42.06,126,0.09,0.17,1.19,43.48,126,0.16,0.11,73,l,2068,43,261,262,150,151,1546,1547,1548,1549,1693,4101,5,1,59,28
190,Criatura 191,Creature 191,60,1,4370,4370,60,272,272,272,272,242,60.5,0.18,0.16,0.07,0.07,142,0.05,0.14,75,0.14,0.07,49.21,37.65,103,0.18,0.09,57.17,26.52,101,0.12,0.09,82,e,1934,26,190,766,966,1166,1700,1920,-1,-1,-1,3605,7,1,43,52
191,Criatura 192,Creature 192,61,1,4418,4418,60,275,275,275,275,244.6,61.15,0.12,0.16,0.12,0.08,121,0.2,0.18,81,0.11,0.16,55.27,43.3,99,0.17,0.16,44.05,40.89,104,0.15,0.17,59,a,1974,27,191,767,967,1167,1921,-1,-1,-1,-1,3726,5,1,41,26
192,Criatura 193,Creature 193,62,1,4466,4466,60,278,278,278,278,247.2,61.8,0.08,0.1,0.18,0.19,114,0.17,0.09,92,0.06,0.13,7.23,22.73,104,0.19,0.07,5.34,32.95,131,0.07,0.11,60,w,2000,150,261,768,968,1168,1922,-1,-1,-1,-1,3849,7,1,37,24
193,Criatura 194,Creature 194,63,1,4514,4514,60,281,281,281,281,249.8,62.45,0.11,0.11,0.11,0.11,71,0.19,0.2,121,0.19,0.12,9.61,16.99,136,0.18,0.12,57.29,11.02,96,0.18,0.07,74,s,2057,151,262,1767,1768,1923,1924,-1,-1,-1,-1,3974,7,1,41,32
194,Criatura 195,Creature 195,64,1,4610,4610,60,287,287,287,287,255,63.75,0.18,0.09,0.14,0.18,68,0.06,0.15,137,0.1,0.07,63.54,9.11,87,0.05,0.16,47.76,26.77,104,0.19,0.06,63,n,2068,44,150,151,1550,1551,1552,1553,1554,1555,1694,4101,6,1,45,38
195,Criatura 196,Creature 196,65,1,4610,4610,60,287,287,287,287,255,63.75,0.07,0.15,0.11,0.18,140,0.15,0.05,117,0.19,0.14,6.95,60.17,140,0.19,0.08,17.15,60.33,52,0.05,0.1,71,f,2086,378,578,778,978,1178,1700,1989,-1,-1,-1,4230,6,1,54,36
196,Criatura 197,Creature 197,66,1,4658,4658,60,290,290,290,290,257.6,64.4,0.06,0.11,0.09,0.08,112,0.2,0.18,66,0.06,0.09,22.28,14.04,145,0.14,0.2,53.43,15.71,139,0.19,0.12,93,d,2127,379,579,779,979,1179,1775,1990,-1,-1,-1,4361,6,1,34,42
197,Criatura 198,Creature 198,67,1,4706,4706,60,293,293,293,293,260.2,65.05,0.18,0.07,0.11,0.15,95,0.15,0.09,95,0.11,0.06,30.22,35.14,118,0.08,0.11,3.83,65.9,85,0.15,0.2,59,w,2215,32,134,200,265,1607,1608,1776,-1,-1,-1,4494,5,1,42,40
198,Criatura 199,Creature 199,68,1,4754,4754,60,296,296,296,296,262.8,65.7,0.15,0.06,0.14,0.14,79,0.15,0.07,119,0.17,0.06,29.84,60.9,98,0.15,0.16,33.43,31.68,117,0.05,0.12,85,f,2302,33,135,201,1609,1610,1611,1991,-1,-1,-1,4629,4,1,37,54
199,Criatura 200,Creature 200,69,1,4850,4850,60,302,302,302,302,268,67,0.14,0.19,0.07,0.19,111,0.05,0.1,134,0.1,0.15,53.42,26.04,74,0.19,0.15,22.45,0.2,74,0.13,0.13,116,d,2469,47,380,580,780,980,1180,1612,1613,1614,1695,4766,6,1,56,30
200,Criatura 201,Creature 201,65,1,4850,4850,60,302,302,302,302,268,67,0.14,0.16,0.11,0.07,68,0.05,0.11,104,0.15,0.06,36.16,50.96,128,0.16,0.12,15.42,52.92,114,0.09,0.09,131,t,2086,372,572,772,972,1172,1700,-1,-1,-1,-1,4230,6,1,45,30
201,Criatura 202,Creature 202,66,1,4898,4898,60,305,305,305,305,270.6,67.65,0.18,0.09,0.12,0.16,98,0.12,0.18,85,0.1,0.06,23.44,62.77,134,0.18,0.15,51.64,59.73,119,0.07,0.18,100,t,2127,373,573,773,973,1173,1592,-1,-1,-1,-1,4361,6,1,55,26
202,Criatura 203,Creature 203,67,1,4946,4946,60,308,308,308,308,273.2,68.3,0.06,0.07,0.1,0.18,58,0.07,0.08,100,0.18,0.16,12.58,66.35,78,0.12,0.11,26.85,17.49,140,0.15,0.18,99,e,2215,30,132,263,1593,1594,1771,1992,-1,-1,-1,4494,4,1,57,36
203,Criatura 204,Creature 204,68,1,4994,4994,60,311,311,311,311,275.8,68.95,0.07,0.19,0.12,0.19,125,0.11,0.11,148,0.09,0.16,42.55,65.13,79,0.1,0.08,28.6,29.95,136,0.05,0.13,53,n,2302,31,133,196,197,1595,1596,1772,-1,-1,-1,4629,7,1,47,50
204,Criatura 205,Creature 205,69,1,5090,5090,60,317,317,317,317,281,70.25,0.15,0.15,0.07,0.08,54,0.17,0.13,138,0.1,0.12,4.74,0.33,120,0.09,0.11,16.31,31.48,72,0.15,0.15,128,l,2469,45,374,574,774,974,1174,1597,1598,1599,1696,4766,5,1,41,24
205,Criatura 206,Creature 206,65,1,5090,5090,60,317,317,317,317,281,70.25,0.13,0.07,0.12,0.16,119,0.2,0.19,141,0.17,0.14,11.63,57.68,92,0.07,0.2,0.76,51.83,110,0.16,0.15,52,t,2086,375,575,775,975,1175,1700,1925,-1,-1,-1,4230,5,1,51,46
206,Criatura 207,Creature 207,66,1,5138,5138,60,320,320,320,320,283.6,70.9,0.06,0.1,0.13,0.14,126,0.05,0.07,141,0.06,0.08,24.03,16.76,121,0.11,0.1,1.18,47.54,116,0.09,0.09,64,a,2127,376,576,776,976,1176,1600,1773,1926,-1,-1,4361,4,1,58,48
207,Criatura 208,Creature 208,67,1,5186,5186,60,323,323,323,323,286.2,71.55,0.16,0.11,0.2,0.12,148,0.17,0.12,77,0.07,0.09,47.17,14.74,75,0.09,0.12,3.46,25.2,86,0.18,0.17,127,t,2215,30,152,264,1601,1602,1774,1927,-1,-1,-1,4494,6,1,49,32
208,Criatura 209,Creature 209,68,1,5234,5234,60,326,326,326,326,288.8,72.2,0.1,0.18,0.18,0.17,105,0.1,0.16,118,0.18,0.08,54.65,65.61,54,0.05,0.19,55.46,37.43,52,0.09,0.19,124,f,2302,31,153,198,199,1603,1928,1929,-1,-1,-1,4629,7,1,59,22
209,Criatura 210,Creature 210,69,1,5330,5330,60,332,332,332,332,294,73.5,0.08,0.13,0.06,0.09,71,0.1,0.17,100,0.14,0.16,60.56,20.89,148,0.19,0.12,6.41,68.98,73,0.1,0.14,62,e,2469,46,377,577,777,977,1177,1604,1605,1606,1697,4766,4,1,46,48
210,Criatura 211,Creature 211,70,1,5330,5330,60,332,332,332,332,294,73.5,0.1,0.07,0.16,0.14,93,0.18,0.2,65,0.19,0.09,9.21,26.5,132,0.2,0.18,27.94,5.87,105,0.05,0.12,114,s,2487,381,581,781,981,1181,1615,1700,-1,-1,-1,4905,5,1,32,24
211,Criatura 212,Creature 212,71,1,5378,5378,60,335,335,335,335,296.6,74.15,0.13,0.19,0.14,0.17,56,0.18,0.13,83,0.11,0.12,33.43,24.38,111,0.06,0.16,32.31,36.23,90,0.15,0.11,117,t,2502,382,582,782,982,1182,1616,1777,-1,-1,-1,5046,4,1,52,46
212,Criatura 213,Creature 213,72,1,5426,5426,60,338,338,338,338,299.2,74.8,0.18,0.05,0.1,0.14,61,0.14,0.09,90,0.05,0.09,6.66,69.12,98,0.19,0.17,48.71,22.7,84,0.17,0.1,92,f,2522,32,154,202,266,1617,1778,1993,-1,-1,-1,5189,5,1,34,58
213,Criatura 214,Creature 214,73,1,5474,5474,60,341,341,341,341,301.8,75.45,0.14,0.12,0.05,0.18,136,0.11,0.13,72,0.06,0.14,63.08,57.38,83,0.1,0.07,31.69,14.01,64,0.09,0.16,114,d,2538,33,155,203,1618,1619,1700,1994,-1,-1,-1,5334,4,1,41,58
214,Criatura 215,Creature 215,74,1,5570,5570,60,347,347,347,347,307,76.75,0.06,0.12,0.17,0.18,119,0.09,0.08,98,0.11,0.13,10.08,29.12,63,0.2,0.18,5.27,34.35,141,0.09,0.08,86,t,2586,48,383,583,783,983,1183,1620,1621,1622,1698,5481,7,1,43,26
215,Criatura 216,Creature 216,70,1,5570,5570,60,347,347,347,347,307,76.75,0.09,0.16,0.11,0.15,101,0.09,0.19,60,0.14,0.16,30.71,17.37,105,0.19,0.18,60.46,46.44,109,0.1,0.09,98,s,2487,32,136,267,1623,1700,-1,-1,-1,-1,-1,4905,4,1,60,58
216,Criatura 217,Creature 217,71,1,5618,5618,60,350,350,350,350,309.6,77.4,0.07,0.16,0.19,0.16,55,0.13,0.16,72,0.06,0.09,55.43,6.86,93,0.19,0.2,36.79,51.98,69,0.08,0.05,75,e,2502,33,137,204,1624,1995,-1,-1,-1,-1,-1,5046,7,1,53,26
217,Criatura 218,Creature 218,72,1,5666,5666,60,353,353,353,353,312.2,78.05,0.1,0.12,0.1,0.08,81,0.17,0.08,91,0.2,0.09,10.5,25.79,85,0.06,0.09,71.2,30.98,66,0.19,0.16,111,l,2522,32,136,267,1625,1700,-1,-1,-1,-1,-1,5189,6,1,43,32
218,Criatura 219,Creature 219,73,1,5714,5714,60,356,356,356,356,314.8,78.7,0.19,0.19,0.07,0.18,138,0.11,0.11,75,0.06,0.09,70.33,46.47,130,0.13,0.06,35.36,44.67,80,0.09,0.07,66,d,2538,33,137,205,1626,1996,-1,-1,-1,-1,-1,5334,4,1,50,54
219,Criatura 220,Creature 220,74,1,5810,5810,60,362,362,362,362,320,80,0.06,0.2,0.2,0.07,57,0.1,0.18,80,0.19,0.19,58.57,33.6,63,0.1,0.06,45.36,71.73,83,0.05,0.07,89,t,2586,32,33,49,136,137,267,1627,1628,1629,1699,5481,4,1,48,60
220,Criatura 221,Creature 221,70,1,5810,5810,60,362,362,362,362,320,80,0.07,0.06,0.16,0.14,134,0.07,0.09,108,0.12,0.15,45.81,58.42,57,0.08,0.12,47.57,37.69,135,0.18,0.09,53,d,2487,32,136,268,1630,1700,-1,-1,-1,-1,-1,4905,7,1,40,28
221,Criatura 222,Creature 222,71,1,5858,5858,60,365,365,365,365,322.6,80.65,0.11,0.11,0.09,0.08,117,0.07,0.2,59,0.17,0.2,63.28,24.65,76,0.11,0.19,39.9,38.85,103,0.19,0.06,80,w,2502,33,137,204,1631,1691,-1,-1,-1,-1,-1,5046,4,1,59,40
222,Criatura 223,Creature 223,72,1,5906,5906,60,368,368,368,368,325.2,81.3,0.18,0.13,0.06,0.2,84,0.08,0.1,93,0.09,0.18,39.55,67.44,140,0.15,0.1,24.13,23.38,79,0.17,0.14,148,e,2522,32,136,268,1632,1700,-1,-1,-1,-1,-1,5189,5,1,40,40
223,Criatura 224,Creature 224,73,1,5954,5954,60,371,371,371,371,327.8,81.95,0.16,0.2,0.17,0.08,56,0.14,0.14,83,0.12,0.07,38.01,23.45,94,0.18,0.06,72.34,59.58,114,0.18,0.16,69,t,2538,33,137,205,1633,1691,-1,-1,-1,-1,-1,5334,6,1,57,24
224,Criatura 225,Creature 225,74,1,6050,6050,60,377,377,377,377,333,83.25,0.08,0.07,0.1,0.19,65,0.07,0.14,134,0.14,0.16,22.19,42.01,147,0.07,0.14,46.04,0.05,104,0.05,0.06,144,f,2586,32,33,50,136,137,268,1634,1635,1636,1637,5481,7,1,58,60
225,Criatura 226,Creature 226,70,1,6050,6050,60,377,377,377,377,333,83.25,0.16,0.15,0.16,0.06,61,0.16,0.13,61,0.11,0.07,33,49.74,95,0.17,0.17,29.7,24.08,54,0.1,0.09,70,s,2487,34,206,384,584,1700,1930,-1,-1,-1,-1,4905,4,1,34,42
226,Criatura 227,Creature 227,71,1,6098,6098,60,380,380,380,380,335.6,83.9,0.17,0.11,0.13,0.07,142,0.14,0.17,73,0.12,0.07,28.22,67.04,77,0.06,0.12,34.3,41.8,95,0.16,0.09,60,f,2502,35,207,385,585,1779,1931,-1,-1,-1,-1,5046,5,1,58,58
227,Criatura 228,Creature 228,72,1,6146,6146,60,383,383,383,383,338.2,84.55,0.19,0.11,0.11,0.05,131,0.06,0.07,115,0.16,0.19,38.6,19.57,148,0.08,0.12,4.29,29.13,109,0.07,0.08,133,w,2522,156,386,586,1636,1780,1932,-1,-1,-1,-1,5189,4,1,36,30
228,Criatura 229,Creature 229,73,1,6194,6194,60,386,386,386,386,340.8,85.2,0.05,0.16,0.08,0.17,124,0.19,0.06,110,0.1,0.09,68.52,40.25,79,0.18,0.07,41.57,21.16,100,0.1,0.08,123,w,2538,157,206,1637,1638,1933,1934,-1,-1,-1,-1,5334,5,1,45,36
229,Criatura 230,Creature 230,74,1,6290,6290,60,392,392,392,392,346,86.5,0.19,0.13,0.13,0.16,123,0.19,0.05,127,0.08,0.14,13.11,36.1,68,0.11,0.15,64.7,60.76,53,0.1,0.16,104,d,2586,51,207,156,157,1639,1640,1641,1642,1643,1692,5481,7,1,55,36
230,Criatura 231,Creature 231,75,1,6290,6290,60,392,392,392,392,346,86.5,0.17,0.1,0.13,0.18,66,0.19,0.05,78,0.07,0.14,66.1,54.41,111,0.08,0.19,14.76,57.86,135,0.08,0.07,114,n,2606,34,208,784,984,1700,1935,-1,-1,-1,-1,5630,6,1,46,24
231,Criatura 232,Creature 232,76,1,6338,6338,60,395,395,395,395,348.6,87.15,0.12,0.11,0.18,0.13,70,0.14,0.08,100,0.09,0.16,62.25,48.74,115,0.13,0.1,13.33,37.15,116,0.15,0.19,87,s,2706,35,209,785,985,1779,1936,-1,-1,-1,-1,5781,5,1,54,48
232,Criatura 233,Creature 233,77,1,6386,6386,60,398,398,398,398,351.2,87.8,0.08,0.12,0.12,0.19,107,0.17,0.2,130,0.15,0.07,10.28,13.05,74,0.05,0.18,11.02,68.19,68,0.05,0.06,125,t,2769,156,786,986,1644,1780,1937,-1,-1,-1,-1,5934,6,1,60,50
233,Criatura 234,Creature 234,78,1,6434,6434,60,401,401,401,401,353.8,88.45,0.15,0.19,0.06,0.07,104,0.11,0.19,66,0.12,0.18,47.98,50.48,92,0.16,0.09,63.24,72.06,123,0.07,0.14,101,d,2800,157,208,1645,1646,1938,1939,-1,-1,-1,-1,6089,6,1,48,24
234,Criatura 235,Creature 235,79,1,6530,6530,60,407,407,407,407,359,89.75,0.09,0.05,0.09,0.1,93,0.1,0.18,140,0.08,0.12,39.64,18.65,50,0.12,0.18,17.61,59.43,120,0.07,0.17,64,f,2823,52,209,156,157,1647,1648,1649,1650,1651,1693,6246,5,1,51,58
235,Criatura 236,Creature 236,75,1,6530,6530,60,407,407,407,407,359,89.75,0.14,0.09,0.2,0.13,94,0.07,0.1,87,0.06,0.14,28.49,12.97,92,0.18,0.06,22.35,40.51,76,0.08,0.17,69,t,2606,34,208,1184,1652,1700,-1,-1,-1,-1,-1,5630,7,1,54,46
236,Criatura 237,Creature 237,76,1,6578,6578,60,410,410,410,410,361.6,90.4,0.2,0.09,0.06,0.09,78,0.05,0.08,73,0.12,0.1,35.75,67.11,78,0.11,0.06,72.36,3.86,88,0.07,0.16,123,s,2706,35,209,1185,1653,1779,-1,-1,-1,-1,-1,5781,4,1,34,58
237,Criatura 238,Creature 238,77,1,6626,6626,60,413,413,413,413,364.2,91.05,0.12,0.19,0.16,0.18,104,0.12,0.16,58,0.07,0.13,51.81,37.63,98,0.16,0.16,31.63,69.23,95,0.13,0.13,134,a,2769,34,156,208,1186,1654,-1,-1,-1,-1,-1,5934,6,1,41,40
238,Criatura 239,Creature 239,78,1,6674,6674,60,416,416,416,416,366.8,91.7,0.16,0.08,0.06,0.16,118,0.18,0.1,78,0.11,0.13,33.48,75.22,111,0.17,0.13,20.83,76.12,143,0.08,0.18,75,f,2800,35,157,208,1780,1997,-1,-1,-1,-1,-1,6089,5,1,46,46
239,Criatura 240,Creature 240,79,1,6770,6770,60,422,422,422,422,372,93,0.19,0.07,0.05,0.18,118,0.18,0.06,94,0.1,0.14,20.25,49.55,103,0.11,0.19,36.22,27.94,147,0.12,0.13,114,w,2823,53,209,156,157,1655,1656,1657,1658,1659,1694,6246,4,1,43,54
240,Criatura 241,Creature 241,80,1,6770,6770,60,422,422,422,422,372,93,0.11,0.07,0.17,0.16,128,0.15,0.15,144,0.13,0.07,54.2,30.93,57,0.18,0.13,53.52,57.7,137,0.1,0.16,112,t,3014,210,387,587,787,987,1187,1700,-1,-1,-1,6405,5,1,33,44
241,Criatura 242,Creature 242,81,1,6818,6818,60,425,425,425,425,374.6,93.65,0.19,0.08,0.09,0.09,127,0.17,0.12,57,0.18,0.11,49.67,59.22,100,0.08,0.2,79.67,66.43,107,0.16,0.1,65,s,3028,211,388,588,788,988,1188,1660,-1,-1,-1,6566,4,1,48,50
242,Criatura 243,Creature 243,82,1,6866,6866,60,428,428,428,428,377.2,94.3,0.16,0.19,0.14,0.1,59,0.08,0.14,87,0.17,0.09,22.18,50.8,59,0.13,0.12,43.55,2.22,128,0.05,0.19,139,s,3052,36,138,389,589,789,989,1189,-1,-1,-1,6729,6,1,55,26
243,Criatura 244,Creature 244,83,1,6914,6914,60,431,431,431,431,379.8,94.95,0.08,0.14,0.07,0.13,91,0.11,0.19,115,0.09,0.12,43.43,54.08,94,0.1,0.09,77.64,30.35,75,0.2,0.18,59,p,3066,37,139,272,1661,1662,1663,-1,-1,-1,-1,6894,4,1,33,34
244,Drago,Dragon,84,1,7010,7010,60,437,437,437,437,385,96.25,0.14,0.17,0.15,0.05,137,0.07,0.19,120,0.18,0.09,29.85,25.95,98,0.18,0.07,49.26,34.36,109,0.12,0.1,59,a,3075,54,1664,1665,1666,1667,1690,1781,1782,1783,1784,7061,7,1,41,36
245,Criatura 246,Creature 246,85,1,7010,7010,60,437,437,437,437,385,96.25,0.18,0.13,0.14,0.06,141,0.17,0.1,74,0.09,0.12,8.5,33.04,124,0.07,0.15,66.97,79.44,103,0.18,0.09,69,l,3098,36,273,390,590,1700,-1,-1,-1,-1,-1,7230,7,1,56,56
246,Criatura 247,Creature 247,86,1,7058,7058,60,440,440,440,440,387.6,96.9,0.16,0.15,0.18,0.05,55,0.17,0.18,133,0.16,0.17,13.35,17.42,51,0.17,0.14,65.41,42.7,119,0.09,0.2,115,w,3118,37,273,391,591,1785,-1,-1,-1,-1,-1,7401,4,1,48,36
247,Criatura 248,Creature 248,87,1,7106,7106,60,443,443,443,443,390.2,97.55,0.05,0.12,0.15,0.16,79,0.17,0.14,129,0.09,0.14,3.22,21.86,122,0.06,0.08,18.5,26.14,73,0.1,0.05,93,s,3250,138,212,392,592,-1,-1,-1,-1,-1,-1,7574,6,1,54,34
248,Criatura 249,Creature 249,88,1,7154,7154,60,446,446,446,446,392.8,98.2,0.17,0.16,0.19,0.09,93,0.07,0.17,95,0.16,0.12,67.5,10.5,92,0.15,0.14,68.88,3.37,146,0.11,0.15,87,n,3431,139,213,1668,1786,-1,-1,-1,-1,-1,-1,7749,6,1,34,58
249,Criatura 250,Creature 250,89,1,7250,7250,60,452,452,452,452,398,99.5,0.18,0.06,0.06,0.14,67,0.07,0.15,60,0.14,0.05,59.01,82.34,86,0.15,0.19,59.12,45.85,85,0.18,0.17,148,p,3483,55,138,139,273,1669,1670,1671,1672,1695,1696,7926,6,1,40,38
250,Criatura 251,Creature 251,85,1,7250,7250,60,452,452,452,452,398,99.5,0.13,0.1,0.09,0.13,146,0.19,0.17,102,0.06,0.13,36.66,28,71,0.11,0.05,28.58,32.9,64,0.05,0.08,63,t,3098,36,274,790,990,1190,1700,-1,-1,-1,-1,7230,7,1,48,32
251,Criatura 252,Creature 252,86,1,7298,7298,60,455,455,455,455,400.6,100.15,0.08,0.08,0.18,0.09,89,0.19,0.12,110,0.07,0.16,16.36,67.84,56,0.19,0.12,10.61,31.07,129,0.06,0.1,52,t,3118,37,274,791,991,1191,1785,-1,-1,-1,-1,7401,5,1,43,36
252,Criatura 253,Creature 253,87,1,7346,7346,60,458,458,458,458,403.2,100.8,0.15,0.14,0.07,0.11,106,0.12,0.19,52,0.16,0.18,32.73,69.77,57,0.07,0.09,55.17,83.94,112,0.17,0.2,105,d,3250,138,214,792,992,1192,1673,-1,-1,-1,-1,7574,7,1,57,46
253,Criatura 254,Creature 254,88,1,7394,7394,60,461,461,461,461,405.8,101.45,0.06,0.15,0.08,0.07,64,0.19,0.17,144,0.12,0.06,52.44,14.81,101,0.14,0.13,78.88,62.33,86,0.11,0.19,51,l,3431,139,215,1674,1786,1998,-1,-1,-1,-1,-1,7749,4,1,34,50
254,Criatura 255,Creature 255,89,1,7490,7490,60,467,467,467,467,411,102.75,0.14,0.08,0.07,0.14,53,0.1,0.15,104,0.13,0.12,65.33,33.45,91,0.14,0.17,61.06,18.55,140,0.15,0.18,92,e,3483,36,37,56,138,139,1675,1676,1677,1696,1697,7926,4,1,60,28
255,Criatura 256,Creature 256,90,1,7490,7490,60,467,467,467,467,411,102.75,0.07,0.15,0.14,0.18,62,0.08,0.08,78,0.16,0.1,85.61,78.12,149,0.19,0.17,5.84,42.6,109,0.08,0.17,67,d,3513,38,275,393,593,1700,-1,-1,-1,-1,-1,8105,7,1,42,48
256,Criatura 257,Creature 257,91,1,7538,7538,60,470,470,470,470,413.6,103.4,0.18,0.11,0.13,0.16,69,0.11,0.16,87,0.11,0.08,78.37,20.77,104,0.18,0.14,77.84,12.64,69,0.19,0.19,126,e,3628,39,275,394,594,1678,1787,-1,-1,-1,-1,8286,6,1,34,54
257,Criatura 258,Creature 258,92,1,7586,7586,60,473,473,473,473,416.2,104.05,0.19,0.16,0.15,0.16,94,0.18,0.16,127,0.17,0.19,56.4,52.68,100,0.15,0.12,36.7,49.19,61,0.08,0.16,109,d,3684,158,216,395,595,1679,-1,-1,-1,-1,-1,8469,7,1,36,24
258,Criatura 259,Creature 259,93,1,7634,7634,60,476,476,476,476,418.8,104.7,0.15,0.12,0.15,0.07,102,0.11,0.13,52,0.19,0.07,4.06,70.12,136,0.14,0.14,64.57,35.78,110,0.17,0.06,144,d,3782,159,217,1680,1788,1999,-1,-1,-1,-1,-1,8654,5,1,46,60
259,Criatura 260,Creature 260,94,1,7730,7730,60,482,482,482,482,424,106,0.1,0.12,0.12,0.05,112,0.06,0.18,85,0.09,0.18,90.66,3.55,150,0.1,0.1,5.84,85.49,126,0.18,0.12,90,s,3803,38,39,57,158,159,1681,1682,1683,1697,1698,8841,7,1,54,50
260,Criatura 261,Creature 261,90,1,7730,7730,60,482,482,482,482,424,106,0.18,0.16,0.18,0.07,52,0.17,0.13,87,0.14,0.18,52.11,78.85,137,0.16,0.16,28.87,38.64,51,0.17,0.12,74,n,3513,38,276,793,993,1193,1700,1940,-1,-1,-1,8105,5,1,39,34
261,Criatura 262,Creature 262,91,1,7778,7778,60,485,485,485,485,426.6,106.65,0.19,0.19,0.1,0.18,119,0.19,0.11,140,0.11,0.14,66.24,39.64,82,0.13,0.12,38.55,83.6,104,0.16,0.08,116,p,3628,39,276,794,994,1194,1787,1941,-1,-1,-1,8286,5,1,59,54
262,Criatura 263,Creature 263,92,1,7826,7826,60,488,488,488,488,429.2,107.3,0.18,0.16,0.17,0.05,95,0.15,0.06,141,0.16,0.09,27.65,88.16,60,0.09,0.14,28.32,80.07,59,0.18,0.07,57,s,3684,158,218,795,995,1195,1788,1942,-1,-1,-1,8469,5,1,58,24
263,Criatura 264,Creature 264,93,1,7874,7874,60,491,491,491,491,431.8,107.95,0.11,0.15,0.18,0.06,137,0.18,0.13,55,0.18,0.16,4.51,37.42,111,0.14,0.1,24.73,57.83,127,0.18,0.11,144,p,3782,159,219,276,1684,1943,1944,-1,-1,-1,-1,8654,7,1,44,26
264,Homem das neves,Snowman,94,1,7970,7970,60,497,497,497,497,437,109.25,0.12,0.1,0.15,0.19,148,0.14,0.07,115,0.14,0.18,68.94,14.94,89,0.18,0.18,77.39,42.8,145,0.13,0.2,55,f,3803,58,158,159,1685,1686,1687,1688,1689,1698,1699,8841,5,1,39,58
265,Criatura 266,Creature 266,90,1,7970,7970,60,497,497,497,497,437,109.25,0.1,0.15,0.07,0.13,117,0.11,0.1,120,0.06,0.12,77.73,87.6,135,0.09,0.18,63.93,82.35,54,0.19,0.07,137,e,3513,59,596,796,996,1196,1690,1700,1789,1945,-1,8105,7,1,38,48
266,Criatura 267,Creature 267,91,1,8018,8018,60,500,500,500,500,439.6,109.9,0.13,0.15,0.1,0.11,64,0.14,0.16,128,0.11,0.19,57.81,24.91,81,0.16,0.11,48.85,38.81,59,0.15,0.19,116,n,3628,276,597,797,997,1197,1691,1790,1791,1946,-1,8286,7,1,43,56
267,Criatura 268,Creature 268,92,1,8066,8066,60,503,503,503,503,442.2,110.55,0.06,0.2,0.15,0.06,56,0.2,0.17,142,0.1,0.09,5.33,39.67,117,0.1,0.15,3.53,1.47,147,0.08,0.2,61,s,3684,59,598,798,998,1198,1692,1792,1793,1794,1947,8469,6,1,56,58
268,Criatura 269,Creature 269,93,1,8114,8114,60,506,506,506,506,444.8,111.2,0.2,0.07,0.13,0.09,119,0.09,0.16,78,0.06,0.13,77.94,22.13,98,0.09,0.16,32.07,26.29,65,0.07,0.1,92,l,3782,276,1693,1694,1795,1796,1797,1798,1799,1948,1949,8654,5,1,31,44
269,Criatura 270,Creature 270,94,1,8210,8210,60,512,512,512,512,450,112.5,0.11,0.17,0.05,0.13,104,0.15,0.13,148,0.13,0.15,87.9,40.81,115,0.18,0.09,44.76,61.7,68,0.11,0.11,121,n,3803,399,599,799,999,1199,1695,1696,1697,1698,1699,8841,5,1,38,54
270,Criatura 271,Creature 271,95,1,8210,8210,60,512,512,512,512,450,112.5,0.09,0.11,0.14,0.18,64,0.16,0.1,105,0.17,0.12,81.49,74.33,69,0.06,0.14,47.49,54.03,77,0.07,0.16,52,n,3830,28,132,192,277,1700,-1,-1,-1,-1,-1,9030,4,1,35,58
271,Criatura 272,Creature 272,96,1,8258,8258,60,515,515,515,515,452.6,113.15,0.05,0.16,0.1,0.12,137,0.06,0.14,53,0.15,0.09,44.51,63.76,88,0.15,0.16,56.47,4.88,98,0.19,0.12,113,a,3831,29,133,192,277,1556,-1,-1,-1,-1,-1,9221,6,1,53,32
272,Criatura 273,Creature 273,97,1,8306,8306,60,518,518,518,518,455.2,113.8,0.14,0.18,0.16,0.17,107,0.15,0.17,147,0.06,0.15,28.28,85.68,87,0.16,0.11,45.03,22.71,50,0.14,0.06,114,e,3893,28,132,193,277,1557,-1,-1,-1,-1,-1,9414,5,1,43,54
273,Criatura 274,Creature 274,98,1,8354,8354,60,521,521,521,521,457.8,114.45,0.06,0.08,0.07,0.13,98,0.09,0.11,116,0.07,0.08,23.18,69.26,70,0.15,0.1,74.97,12.4,62,0.06,0.08,62,e,3938,29,133,193,277,1700,-1,-1,-1,-1,-1,9609,6,1,31,30
274,Criatura 275,Creature 275,99,1,8450,8450,60,527,527,527,527,463,115.75,0.14,0.16,0.17,0.13,120,0.15,0.15,125,0.19,0.17,30.22,21.04,58,0.18,0.17,55.08,78.93,68,0.07,0.12,105,d,4023,28,29,45,132,133,1558,1559,1560,1561,1690,9806,4,1,31,30
275,Criatura 276,Creature 276,95,1,8450,8450,60,527,527,527,527,463,115.75,0.08,0.07,0.06,0.13,86,0.2,0.16,74,0.08,0.06,27.86,11.07,98,0.2,0.06,23.62,92.67,93,0.13,0.17,125,d,3830,28,132,192,277,1700,-1,-1,-1,-1,-1,9030,6,1,55,58
276,Criatura 277,Creature 277,96,1,8498,8498,60,530,530,530,530,465.6,116.4,0.07,0.15,0.11,0.13,73,0.06,0.18,87,0.09,0.19,7.61,67.39,135,0.16,0.13,29.26,87.4,96,0.13,0.12,50,s,3831,29,133,192,277,1562,-1,-1,-1,-1,-1,9221,6,1,36,48
277,Criatura 278,Creature 278,97,1,8546,8546,60,533,533,533,533,468.2,117.05,0.05,0.09,0.06,0.07,134,0.07,0.12,104,0.16,0.17,53.95,31.77,93,0.07,0.09,53.77,94.71,93,0.12,0.17,66,d,3893,28,132,193,277,1563,-1,-1,-1,-1,-1,9414,6,1,45,44
278,Criatura 279,Creature 279,98,1,8594,8594,60,536,536,536,536,470.8,117.7,0.11,0.11,0.12,0.08,124,0.08,0.1,121,0.12,0.05,76.06,21.88,137,0.14,0.2,0.27,68.86,143,0.15,0.14,85,a,3938,29,133,193,277,1700,-1,-1,-1,-1,-1,9609,7,1,34,52
279,Criatura 280,Creature 280,99,1,8690,8690,60,542,542,542,542,476,119,0.18,0.07,0.14,0.14,109,0.12,0.1,135,0.07,0.19,89.94,81.78,118,0.18,0.18,95.59,37.56,148,0.08,0.09,148,f,4023,28,29,45,132,133,1564,1565,1566,1567,1691,9806,6,1,37,48
280,Criatura 281,Creature 281,95,1,8690,8690,60,542,542,542,542,476,119,0.19,0.13,0.18,0.13,132,0.13,0.13,91,0.15,0.12,46.63,44.12,141,0.11,0.18,85.61,67.18,125,0.06,0.08,67,f,3830,28,152,194,278,1700,-1,-1,-1,-1,-1,9030,6,1,50,38
281,Criatura 282,Creature 282,96,1,8738,8738,60,545,545,545,545,478.6,119.65,0.12,0.08,0.15,0.1,120,0.18,0.06,89,0.12,0.17,38.19,0.16,146,0.14,0.13,56.25,90.65,132,0.11,0.09,92,w,3831,29,153,194,278,1568,-1,-1,-1,-1,-1,9221,6,1,60,24
282,Criatura 283,Creature 283,97,1,8786,8786,60,548,548,548,548,481.2,120.3,0.1,0.16,0.12,0.06,118,0.1,0.11,86,0.18,0.16,79.02,21.61,140,0.12,0.12,71.76,34.8,115,0.18,0.07,139,n,3893,28,152,195,278,1570,-1,-1,-1,-1,-1,9414,7,1,59,56
283,Criatura 284,Creature 284,98,1,8834,8834,60,551,551,551,551,483.8,120.95,0.1,0.07,0.12,0.1,52,0.19,0.09,50,0.06,0.09,67.75,36.08,70,0.08,0.07,38.79,47.42,126,0.07,0.15,130,w,3938,29,153,195,278,1569,-1,-1,-1,-1,-1,9609,6,1,34,48
284,Criatura 285,Creature 285,99,1,8930,8930,60,557,557,557,557,489,122.25,0.05,0.16,0.15,0.18,102,0.09,0.17,105,0.19,0.09,84.53,19.01,141,0.15,0.12,65.45,91.65,75,0.19,0.07,60,a,4023,28,29,46,152,153,1570,1571,1572,1573,1692,9806,4,1,60,34
285,Criatura 286,Creature 286,100,1,8930,8930,60,557,557,557,557,489,122.25,0.16,0.11,0.12,0.15,91,0.16,0.11,133,0.1,0.11,43.91,35.04,84,0.2,0.15,95.54,71.36,115,0.06,0.14,130,t,5262,28,152,194,278,1700,-1,-1,-1,-1,-1,10005,5,1,52,22
286,Criatura 287,Creature 287,101,1,8978,8978,60,560,560,560,560,491.6,122.9,0.17,0.11,0.11,0.15,105,0.15,0.1,146,0.08,0.06,57.71,5.08,51,0.15,0.1,99.85,66.8,142,0.19,0.16,116,p,5282,29,153,194,278,1574,-1,-1,-1,-1,-1,10206,6,1,58,24
287,Criatura 288,Creature 288,102,1,9026,9026,60,563,563,563,563,494.2,123.55,0.13,0.07,0.05,0.15,54,0.14,0.11,119,0.12,0.11,95.89,54.68,117,0.13,0.16,14.64,42.79,89,0.13,0.15,135,n,5338,28,152,195,278,1570,-1,-1,-1,-1,-1,10409,5,1,41,46
288,Criatura 289,Creature 289,103,1,9074,9074,60,566,566,566,566,496.8,124.2,0.11,0.09,0.12,0.16,108,0.19,0.13,102,0.11,0.17,39.27,64.73,104,0.12,0.13,58.31,2.92,143,0.05,0.09,113,d,5382,29,153,195,278,1575,-1,-1,-1,-1,-1,10614,5,1,47,58
289,Criatura 290,Creature 290,104,1,9170,9170,60,572,572,572,572,502,125.5,0.08,0.14,0.15,0.06,76,0.14,0.06,106,0.1,0.11,34.6,1.95,66,0.1,0.13,48.72,81.59,111,0.18,0.07,62,e,5831,28,29,46,152,153,1576,1577,1578,1579,1693,10821,5,1,60,22
290,Criatura 291,Creature 291,100,1,9170,9170,60,572,572,572,572,502,125.5,0.09,0.11,0.11,0.18,120,0.07,0.12,64,0.05,0.08,69.59,31.66,66,0.12,0.1,98.66,93.69,149,0.1,0.16,63,a,5262,28,152,194,279,1700,-1,-1,-1,-1,-1,10005,7,1,40,56
291,Criatura 292,Creature 292,101,1,9218,9218,60,575,575,575,575,504.6,126.15,0.15,0.09,0.13,0.2,136,0.09,0.09,121,0.12,0.2,98.6,10.15,146,0.12,0.19,74.51,100.05,62,0.15,0.05,98,l,5282,29,153,194,279,1580,-1,-1,-1,-1,-1,10206,6,1,55,58
292,Criatura 293,Creature 293,102,1,9266,9266,60,578,578,578,578,507.2,126.8,0.11,0.13,0.09,0.12,91,0.16,0.14,54,0.16,0.15,92.25,77.73,86,0.2,0.13,39.68,2.48,131,0.15,0.14,62,w,5338,28,152,195,279,1570,-1,-1,-1,-1,-1,10409,4,1,31,42
293,Criatura 294,Creature 294,103,1,9314,9314,60,581,581,581,581,509.8,127.45,0.09,0.11,0.2,0.15,77,0.06,0.18,61,0.11,0.05,57.63,32.62,101,0.07,0.14,66.81,70.8,69,0.18,0.11,146,s,5382,29,153,195,279,1581,-1,-1,-1,-1,-1,10614,7,1,45,54
294,Criatura 295,Creature 295,104,1,9410,9410,60,587,587,587,587,515,128.75,0.06,0.07,0.12,0.06,133,0.18,0.07,118,0.15,0.15,29.24,71.4,78,0.09,0.18,19.47,83.84,106,0.18,0.07,75,f,5831,28,29,46,152,153,1582,1583,1584,1585,1694,10821,4,1,31,26
295,Criatura 296,Creature 296,105,1,9410,9410,60,587,587,587,587,515,128.75,0.18,0.16,0.16,0.07,135,0.16,0.19,109,0.18,0.13,90.2,0.66,112,0.17,0.05,10.85,78.39,96,0.07,0.09,93,d,5993,28,279,1586,1587,1700,1769,-1,-1,-1,-1,11030,5,1,42,46
296,Criatura 297,Creature 297,106,1,9458,9458,60,590,590,590,590,517.6,129.4,0.07,0.16,0.14,0.18,56,0.12,0.18,54,0.19,0.11,65.75,83.25,146,0.18,0.14,92.24,23.86,91,0.14,0.08,64,e,6012,369,569,769,969,1169,1588,-1,-1,-1,-1,11241,5,1,40,46
297,Criatura 298,Creature 298,107,1,9506,9506,60,593,593,593,593,520.2,130.05,0.1,0.05,0.06,0.1,110,0.17,0.15,55,0.08,0.2,41.79,75.1,65,0.08,0.08,8.9,85.57,140,0.11,0.11,144,f,6312,370,570,770,970,1170,1589,-1,-1,-1,-1,11454,5,1,47,28
298,Criatura 299,Creature 299,108,1,9554,9554,60,596,596,596,596,522.8,130.7,0.14,0.07,0.16,0.11,118,0.12,0.19,129,0.07,0.19,8.71,29.24,51,0.1,0.1,4.59,57.47,64,0.09,0.14,140,n,6532,29,134,135,1590,1591,1770,-1,-1,-1,-1,11669,7,1,40,58
299,Criatura 300,Creature 300,109,1,9650,9650,60,602,602,602,602,528,132,0.06,0.18,0.06,0.07,129,0.13,0.11,123,0.19,0.17,23.79,74.95,104,0.15,0.07,28.02,80.76,123,0.08,0.1,68,l,6660,47,194,195,371,571,771,971,1171,1691,1696,11886,6,1,46,24
