ID,Forge level,Life bonus,Mp bonus,PhyAtk bonus,MagAtk bonus,PhyDef bonus,MagDef bonus,Dex bonus,Agi bonus,Crit bonus atk chance,Crit bonus def chance,Stun atk chance,Stun def chance,Stun duration,Block atk chance,Block def chance,Block duration,Blood atk chance,Blood def chance,Blood atk,Blood def,Blood duration,Poison atk chance,Poison def chance,Poison atk,Poison def,Poison duration,Silence atk chance,Silence def chance,Silence duration,Elem
300,0,0,0,2,0,0,0,0,0,0,0,0,0,0,0,0,0,0,0,0,0,0,0,0,0,0,0,0,0,0,n
301,0,0,0,0,0,2,2,0,0,0,0,0,0,0,0,0,0,0,0,0,0,0,0,0,0,0,0,0,0,0,n
302,0,0,0,0,0,2,2,0,0,0,0,0,0,0,0,0,0,0,0,0,0,0,0,0,0,0,0,0,0,0,n
303,0,0,0,3,0,0,0,0,0,0,0,0,0,0,0,0,0,0,0,0,0,0,0,0,0,0,0,0,0,0,n
304,0,0,0,0,0,3,3,0,0,0,0,0,0,0,0,0,0,0,0,0,0,0,0,0,0,0,0,0,0,0,n
305,0,0,0,0,0,3,3,0,0,0,0,0,0,0,0,0,0,0,0,0,0,0,0,0,0,0,0,0,0,0,n
306,0,0,0,4,0,0,0,0,0,0,0,0,0,0,0,0,0,0,0,0,0,0,0,0,0,0,0,0,0,0,n
307,0,0,0,0,0,4,4,0,0,0,0,0,0,0,0,0,0,0,0,0,0,0,0,0,0,0,0,0,0,0,n
308,0,0,0,0,0,4,4,0,0,0,0,0,0,0,0,0,0,0,0,0,0,0,0,0,0,0,0,0,0,0,n
309,0,0,0,6,0,0,0,0,0,0,0,0,0,0,0,0,0,0,0,0,0,0,0,0,0,0,0,0,0,0,n
310,0,0,0,0,0,6,6,0,0,0,0,0,0,0,0,0,0,0,0,0,0,0,0,0,0,0,0,0,0,0,n
311,0,0,0,0,0,6,6,0,0,0,0,0,0,0,0,0,0,0,0,0,0,0,0,0,0,0,0,0,0,0,n
312,0,0,0,8,0,0,0,0,0,0,0,0,0,0,0,0,0,0,0,0,0,0,0,0,0,0,0,0,0,0,n
313,0,0,0,0,0,8,8,0,0,0,0,0,0,0,0,0,0,0,0,0,0,0,0,0,0,0,0,0,0,0,n
314,0,0,0,0,0,8,8,0,0,0,0,0,0,0,0,0,0,0,0,0,0,0,0,0,0,0,0,0,0,0,n
315,0,0,0,11,0,0,0,0,0,0,0,0,0,0,0,0,0,0,0,0,0,0,0,0,0,0,0,0,0,0,n
316,0,0,0,0,0,11,11,0,0,0,0,0,0,0,0,0,0,0,0,0,0,0,0,0,0,0,0,0,0,0,n
317,0,0,0,0,0,11,11,0,0,0,0,0,0,0,0,0,0,0,0,0,0,0,0,0,0,0,0,0,0,0,n
318,0,0,0,14,0,0,0,0,0,0,0,0,0,0,0,0,0,0,0,0,0,0,0,0,0,0,0,0,0,0,n
319,0,0,0,0,0,14,14,0,0,0,0,0,0,0,0,0,0,0,0,0,0,0,0,0,0,0,0,0,0,0,n
320,0,0,0,0,0,14,14,0,0,0,0,0,0,0,0,0,0,0,0,0,0,0,0,0,0,0,0,0,0,0,n
321,0,0,0,18,0,0,0,0,0,0,0,0,0,0,0,0,0,0,0,0,0,0,0,0,0,0,0,0,0,0,n
322,0,0,0,0,0,18,18,0,0,0,0,0,0,0,0,0,0,0,0,0,0,0,0,0,0,0,0,0,0,0,n
323,0,0,0,0,0,18,18,0,0,0,0,0,0,0,0,0,0,0,0,0,0,0,0,0,0,0,0,0,0,0,n
324,0,0,0,22,0,0,0,0,0,0,0,0,0,0,0,0,0,0,0,0,0,0,0,0,0,0,0,0,0,0,n
325,0,0,0,0,0,22,22,0,0,0,0,0,0,0,0,0,0,0,0,0,0,0,0,0,0,0,0,0,0,0,n
326,0,0,0,0,0,22,22,0,0,0,0,0,0,0,0,0,0,0,0,0,0,0,0,0,0,0,0,0,0,0,n
327,0,0,0,27,0,0,0,0,0,0,0,0,0,0,0,0,0,0,0,0,0,0,0,0,0,0,0,0,0,0,n
328,0,0,0,0,0,27,27,0,0,0,0,0,0,0,0,0,0,0,0,0,0,0,0,0,0,0,0,0,0,0,n
329,0,0,0,0,0,27,27,0,0,0,0,0,0,0,0,0,0,0,0,0,0,0,0,0,0,0,0,0,0,0,n
330,0,0,0,32,0,0,0,0,0,0,0,0,0,0,0,0,0,0,0,0,0,0,0,0,0,0,0,0,0,0,n
331,0,0,0,0,0,32,32,0,0,0,0,0,0,0,0,0,0,0,0,0,0,0,0,0,0,0,0,0,0,0,n
332,0,0,0,0,0,32,32,0,0,0,0,0,0,0,0,0,0,0,0,0,0,0,0,0,0,0,0,0,0,0,n
333,0,0,0,38,0,0,0,0,0,0,0,0,0,0,0,0,0,0,0,0,0,0,0,0,0,0,0,0,0,0,n
334,0,0,0,0,0,38,38,0,0,0,0,0,0,0,0,0,0,0,0,0,0,0,0,0,0,0,0,0,0,0,n
335,0,0,0,0,0,38,38,0,0,0,0,0,0,0,0,0,0,0,0,0,0,0,0,0,0,0,0,0,0,0,n
336,0,0,0,45,0,0,0,0,0,0,0,0,0,0,0,0,0,0,0,0,0,0,0,0,0,0,0,0,0,0,n
337,0,0,0,0,0,45,45,0,0,0,0,0,0,0,0,0,0,0,0,0,0,0,0,0,0,0,0,0,0,0,n
338,0,0,0,0,0,45,45,0,0,0,0,0,0,0,0,0,0,0,0,0,0,0,0,0,0,0,0,0,0,0,n
339,0,0,0,52,0,0,0,0,0,0,0,0,0,0,0,0,0,0,0,0,0,0,0,0,0,0,0,0,0,0,n
340,0,0,0,0,0,52,52,0,0,0,0,0,0,0,0,0,0,0,0,0,0,0,0,0,0,0,0,0,0,0,n
341,0,0,0,0,0,52,52,0,0,0,0,0,0,0,0,0,0,0,0,0,0,0,0,0,0,0,0,0,0,0,n
342,0,0,0,59,0,0,0,0,0,0,0,0,0,0,0,0,0,0,0,0,0,0,0,0,0,0,0,0,0,0,n
343,0,0,0,0,0,59,59,0,0,0,0,0,0,0,0,0,0,0,0,0,0,0,0,0,0,0,0,0,0,0,n
344,0,0,0,0,0,59,59,0,0,0,0,0,0,0,0,0,0,0,0,0,0,0,0,0,0,0,0,0,0,0,n
345,0,0,0,67,0,0,0,0,0,0,0,0,0,0,0,0,0,0,0,0,0,0,0,0,0,0,0,0,0,0,n
346,0,0,0,0,0,67,67,0,0,0,0,0,0,0,0,0,0,0,0,0,0,0,0,0,0,0,0,0,0,0,n
347,0,0,0,0,0,67,67,0,0,0,0,0,0,0,0,0,0,0,0,0,0,0,0,0,0,0,0,0,0,0,n
348,0,0,0,75,0,0,0,0,0,0,0,0,0,0,0,0,0,0,0,0,0,0,0,0,0,0,0,0,0,0,n
349,0,0,0,0,0,75,75,0,0,0,0,0,0,0,0,0,0,0,0,0,0,0,0,0,0,0,0,0,0,0,n
350,0,0,0,0,0,75,75,0,0,0,0,0,0,0,0,0,0,0,0,0,0,0,0,0,0,0,0,0,0,0,n
351,0,0,0,84,0,0,0,0,0,0,0,0,0,0,0,0,0,0,0,0,0,0,0,0,0,0,0,0,0,0,n
352,0,0,0,0,0,84,84,0,0,0,0,0,0,0,0,0,0,0,0,0,0,0,0,0,0,0,0,0,0,0,n
353,0,0,0,0,0,84,84,0,0,0,0,0,0,0,0,0,0,0,0,0,0,0,0,0,0,0,0,0,0,0,n
354,0,0,0,94,0,0,0,0,0,0,0,0,0,0,0,0,0,0,0,0,0,0,0,0,0,0,0,0,0,0,n
355,0,0,0,0,0,94,94,0,0,0,0,0,0,0,0,0,0,0,0,0,0,0,0,0,0,0,0,0,0,0,n
356,0,0,0,0,0,94,94,0,0,0,0,0,0,0,0,0,0,0,0,0,0,0,0,0,0,0,0,0,0,0,n
357,0,0,0,104,0,0,0,0,0,0,0,0,0,0,0,0,0,0,0,0,0,0,0,0,0,0,0,0,0,0,n
358,0,0,0,0,0,104,104,0,0,0,0,0,0,0,0,0,0,0,0,0,0,0,0,0,0,0,0,0,0,0,n
359,0,0,0,0,0,104,104,0,0,0,0,0,0,0,0,0,0,0,0,0,0,0,0,0,0,0,0,0,0,0,n
360,0,0,0,115,0,0,0,0,0,0,0,0,0,0,0,0,0,0,0,0,0,0,0,0,0,0,0,0,0,0,n
361,0,0,0,0,0,115,115,0,0,0,0,0,0,0,0,0,0,0,0,0,0,0,0,0,0,0,0,0,0,0,n
362,0,0,0,0,0,115,115,0,0,0,0,0,0,0,0,0,0,0,0,0,0,0,0,0,0,0,0,0,0,0,n
363,0,0,0,126,0,0,0,0,0,0,0,0,0,0,0,0,0,0,0,0,0,0,0,0,0,0,0,0,0,0,n
364,0,0,0,0,0,126,126,0,0,0,0,0,0,0,0,0,0,0,0,0,0,0,0,0,0,0,0,0,0,0,n
365,0,0,0,0,0,126,126,0,0,0,0,0,0,0,0,0,0,0,0,0,0,0,0,0,0,0,0,0,0,0,n
366,0,0,0,138,0,0,0,0,0,0,0,0,0,0,0,0,0,0,0,0,0,0,0,0,0,0,0,0,0,0,n
367,0,0,0,0,0,138,138,0,0,0,0,0,0,0,0,0,0,0,0,0,0,0,0,0,0,0,0,0,0,0,n
368,0,0,0,0,0,138,138,0,0,0,0,0,0,0,0,0,0,0,0,0,0,0,0,0,0,0,0,0,0,0,n
369,0,0,0,150,0,0,0,0,0,0,0,0,0,0,0,0,0,0,0,0,0,0,0,0,0,0,0,0,0,0,n
370,0,0,0,0,0,150,150,0,0,0,0,0,0,0,0,0,0,0,0,0,0,0,0,0,0,0,0,0,0,0,n
371,0,0,0,0,0,150,150,0,0,0,0,0,0,0,0,0,0,0,0,0,0,0,0,0,0,0,0,0,0,0,n
372,0,0,0,163,0,0,0,0,0,0,0,0,0,0,0,0,0,0,0,0,0,0,0,0,0,0,0,0,0,0,n
373,0,0,0,0,0,163,163,0,0,0,0,0,0,0,0,0,0,0,0,0,0,0,0,0,0,0,0,0,0,0,n
374,0,0,0,0,0,163,163,0,0,0,0,0,0,0,0,0,0,0,0,0,0,0,0,0,0,0,0,0,0,0,n
375,0,0,0,176,0,0,0,0,0,0,0,0,0,0,0,0,0,0,0,0,0,0,0,0,0,0,0,0,0,0,n
376,0,0,0,0,0,176,176,0,0,0,0,0,0,0,0,0,0,0,0,0,0,0,0,0,0,0,0,0,0,0,n
377,0,0,0,0,0,176,176,0,0,0,0,0,0,0,0,0,0,0,0,0,0,0,0,0,0,0,0,0,0,0,n
378,0,0,0,190,0,0,0,0,0,0,0,0,0,0,0,0,0,0,0,0,0,0,0,0,0,0,0,0,0,0,n
379,0,0,0,0,0,190,190,0,0,0,0,0,0,0,0,0,0,0,0,0,0,0,0,0,0,0,0,0,0,0,n
380,0,0,0,0,0,190,190,0,0,0,0,0,0,0,0,0,0,0,0,0,0,0,0,0,0,0,0,0,0,0,n
381,0,0,0,204,0,0,0,0,0,0,0,0,0,0,0,0,0,0,0,0,0,0,0,0,0,0,0,0,0,0,n
382,0,0,0,0,0,204,204,0,0,0,0,0,0,0,0,0,0,0,0,0,0,0,0,0,0,0,0,0,0,0,n
383,0,0,0,0,0,204,204,0,0,0,0,0,0,0,0,0,0,0,0,0,0,0,0,0,0,0,0,0,0,0,n
384,0,0,0,219,0,0,0,0,0,0,0,0,0,0,0,0,0,0,0,0,0,0,0,0,0,0,0,0,0,0,n
385,0,0,0,0,0,219,219,0,0,0,0,0,0,0,0,0,0,0,0,0,0,0,0,0,0,0,0,0,0,0,n
386,0,0,0,0,0,219,219,0,0,0,0,0,0,0,0,0,0,0,0,0,0,0,0,0,0,0,0,0,0,0,n
387,0,0,0,234,0,0,0,0,0,0,0,0,0,0,0,0,0,0,0,0,0,0,0,0,0,0,0,0,0,0,n
388,0,0,0,0,0,234,234,0,0,0,0,0,0,0,0,0,0,0,0,0,0,0,0,0,0,0,0,0,0,0,n
389,0,0,0,0,0,234,234,0,0,0,0,0,0,0,0,0,0,0,0,0,0,0,0,0,0,0,0,0,0,0,n
390,0,0,0,250,0,0,0,0,0,0,0,0,0,0,0,0,0,0,0,0,0,0,0,0,0,0,0,0,0,0,n
391,0,0,0,0,0,250,250,0,0,0,0,0,0,0,0,0,0,0,0,0,0,0,0,0,0,0,0,0,0,0,n
392,0,0,0,0,0,250,250,0,0,0,0,0,0,0,0,0,0,0,0,0,0,0,0,0,0,0,0,0,0,0,n
393,0,0,0,266,0,0,0,0,0,0,0,0,0,0,0,0,0,0,0,0,0,0,0,0,0,0,0,0,0,0,n
394,0,0,0,0,0,266,266,0,0,0,0,0,0,0,0,0,0,0,0,0,0,0,0,0,0,0,0,0,0,0,n
395,0,0,0,0,0,266,266,0,0,0,0,0,0,0,0,0,0,0,0,0,0,0,0,0,0,0,0,0,0,0,n
396,0,0,0,283,0,0,0,0,0,0,0,0,0,0,0,0,0,0,0,0,0,0,0,0,0,0,0,0,0,0,n
397,0,0,0,0,0,283,283,0,0,0,0,0,0,0,0,0,0,0,0,0,0,0,0,0,0,0,0,0,0,0,n
398,0,0,0,0,0,283,283,0,0,0,0,0,0,0,0,0,0,0,0,0,0,0,0,0,0,0,0,0,0,0,n
399,0,0,0,300,0,0,0,0,0,0,0,0,0,0,0,0,0,0,0,0,0,0,0,0,0,0,0,0,0,0,n
400,0,3,0,1,0,0,0,0,0,0,0,0,0,0,0,0,0,0.05,0,3,0,200,0,0,0,0,0,0,0,0,n
401,0,5,0,0,0,1,1,0,0,0,0,0,0,0,0,0,0,0,0.02,0,1,0,0,0,0,0,0,0,0,0,n
402,0,5,0,0,0,1,1,0,0,0,0,0,0,0,0,0,0,0,0.02,0,1,0,0,0,0,0,0,0,0,0,n
403,0,0,0,2,0,0,3,0,0,0,0,0,0,0,0,0,0,0,0,0,0,0,0,0,0,0,0,0,0,0,e
404,0,0,0,0,0,2,4,0,0,0,0,0,0,0,0,0,0,0,0,0,0,0,0,0,0,0,0,0,0,0,e
405,0,0,0,0,0,2,4,0,0,0,0,0,0,0,0,0,0,0,0,0,0,0,0,0,0,0,0,0,0,0,e
406,0,0,0,3,0,0,0,0,0,0.15,0,0,0,0,0,0,0,0,0,0,0,0,0,0,0,0,0,0,0,0,f
407,0,0,0,0,0,3,3,0,0,0,0.05,0,0,0,0,0,0,0,0,0,0,0,0,0,0,0,0,0,0,0,f
408,0,0,0,0,0,3,3,0,0,0,0.05,0,0,0,0,0,0,0,0,0,0,0,0,0,0,0,0,0,0,0,f
409,0,0,0,5,0,0,0,0,0,0,0,0,0,0,0,0,0,0,0,0,0,0,0,0,0,0,0,0,0,0,a
410,0,0,0,0,0,5,5,0,0,0,0,0,0,0,0,0,0,0,0,0,0,0,0,0,0,0,0,0,0,0,a
411,0,0,0,0,0,5,5,0,0,0,0,0,0,0,0,0,0,0,0,0,0,0,0,0,0,0,0,0,0,0,a
412,0,0,0,7,0,0,0,0,0,0,0,0.1,0,100,0,0,0,0,0,0,0,0,0,0,0,0,0,0,0,0,w
413,0,0,0,0,0,7,7,0,0,0,0,0,0.05,0,0,0,0,0,0,0,0,0,0,0,0,0,0,0,0,0,w
414,0,0,0,0,0,7,7,0,0,0,0,0,0.05,0,0,0,0,0,0,0,0,0,0,0,0,0,0,0,0,0,w
415,0,0,0,10,0,0,0,0,0,0,0,0,0,0,0,0,0,0,0,0,0,0,0,0,0,0,0,0,0,0,p
416,0,0,0,0,0,10,10,0,0,0,0,0,0,0,0,0,0,0,0,0,0,0,0,0,0,0,0,0,0,0,p
417,0,0,0,0,0,10,10,0,0,0,0,0,0,0,0,0,0,0,0,0,0,0,0,0,0,0,0,0,0,0,p
418,0,0,0,13,0,0,0,0,0,0.1,0,0.1,0,150,0,0,0,0,0,0,0,0,0,0,0,0,0,0,-0.3,0,a
419,0,0,0,0,0,13,13,0,0,0,0.1,0,0.05,0,0,0,0,0,0,0,0,0,0,0,0,0,0,0,0.05,0,a
420,0,0,0,0,0,13,13,0,0,0,0.1,0,0.05,0,0,0,0,0,0,0,0,0,0,0,0,0,0,0,0.05,0,a
421,0,0,0,17,0,0,0,0,5,0,0,0,0,0,0,0,0,0,0,0,0,0,0,0,0,0,0,0,0,0,e
422,0,0,0,0,0,17,17,0,2,0,0,0,0,0,0,0,0,0,0,0,0,0,0,0,0,0,0,0,0,0,e
423,0,0,0,0,0,17,17,0,2,0,0,0,0,0,0,0,0,0,0,0,0,0,0,0,0,0,0,0,0,0,e
424,0,20,0,21,0,0,0,0,0,0,0,0,0,0,0,0,0,0,0,0,0,0,0,0,0,0,0,0,0,0,f
425,0,50,0,0,0,21,21,0,0,0,0,0,0,0,0,0,0,0,0,0,0,0,0,0,0,0,0,0,0,0,f
426,0,50,0,0,0,21,21,0,0,0,0,0,0,0,0,0,0,0,0,0,0,0,0,0,0,0,0,0,0,0,f
427,0,0,0,26,0,0,0,0,3,0,0,0.15,0,120,0,0,0,0,0,0,0,0,0,0,0,0,0,0,0,0,a
428,0,0,0,0,0,26,26,0,1,0,0,0,0.1,0,0,0,0,0,0,0,0,0,0,0,0,0,0,0,0,0,a
429,0,0,0,0,0,26,26,0,1,0,0,0,0.1,0,0,0,0,0,0,0,0,0,0,0,0,0,0,0,0,0,a
430,0,0,0,31,0,0,0,0,0,0,0,0,0,0,0,0,0,0,0,0,0,0,0,0,0,0,0,0,0,0,a
431,0,0,0,0,0,31,31,0,0,0,0,0,0,0,0,0,0,0,0,0,0,0,0,0,0,0,0,0,0,0,a
432,0,0,0,0,0,31,31,0,0,0,0,0,0,0,0,0,0,0,0,0,0,0,0,0,0,0,0,0,0,0,a
433,0,0,25,37,0,0,0,0,0,0,0,0,0,0,0,0,0,0,0,0,0,0,0,0,0,0,0,0.15,0,200,w
434,0,0,50,0,0,37,37,0,0,0,0,0,0,0,0,0,0,0,0,0,0,0,0,0,0,0,0,0,0.1,0,w
435,0,0,50,0,0,37,37,0,0,0,0,0,0,0,0,0,0,0,0,0,0,0,0,0,0,0,0,0,0.1,0,w
436,0,0,0,44,0,0,0,0,0,0.15,0,0,0,0,0,0,0,0.15,0,10,0,150,0,0,0,0,0,0,0,0,p
437,0,0,0,0,0,44,44,0,0,0,0.1,0,0,0,0,0,0,0,0.1,0,3,0,0,0,0,0,0,0,0,0,p
438,0,0,0,0,0,44,44,0,0,0,0.1,0,0,0,0,0,0,0,0.1,0,3,0,0,0,0,0,0,0,0,0,p
439,0,0,0,51,0,0,0,0,0,0,0,0,0,0,0,0,0,0,0,0,0,0,0.15,0,5,0,200,0,0,0,e
440,0,0,0,0,0,51,51,0,0,0,0,0,0,0,0,0,0,0,0,0,0,0,0,0.1,0,2,0,0,0,0,e
441,0,0,0,0,0,51,51,0,0,0,0,0,0,0,0,0,0,0,0,0,0,0,0,0.1,0,2,0,0,0,0,e
442,0,0,0,58,0,0,0,0,0,0,0,0,0,0,0,0,0,0,0,0,0,0,0.2,0,8,0,230,0,0,0,p
443,0,0,0,0,0,58,58,0,0,0,0,0,0,0,0,0,0,0,0,0,0,0,0,0.1,0,3,0,0,0,0,p
444,0,0,0,0,0,58,58,0,0,0,0,0,0,0,0,0,0,0,0,0,0,0,0,0.1,0,3,0,0,0,0,p
445,0,0,0,66,0,0,0,0,0,0,0,0.1,0,120,0.15,0,200,0,0,0,0,0,0,0,0,0,0,0,0,0,l
446,0,0,0,0,0,66,66,0,0,0,0,0,0.02,0,0,0.05,0,0,0,0,0,0,0,0,0,0,0,0,0,0,l
447,0,0,0,0,0,66,66,0,0,0,0,0,0.02,0,0,0.05,0,0,0,0,0,0,0,0,0,0,0,0,0,0,l
448,0,0,0,74,0,0,0,0,0,0,0,0.15,0,200,0,0,0,0,0,0,0,0,0,0,0,0,0,0,0,0,d
449,0,0,0,0,0,74,74,0,0,0,0,0,0.05,0,0,0,0,0,0,0,0,0,0,0,0,0,0,0,0,0,d
450,0,0,0,0,0,74,74,0,0,0,0,0,0.05,0,0,0,0,0,0,0,0,0,0,0,0,0,0,0,0,0,d
451,0,0,0,83,0,0,0,0,0,0,0,0.1,0,170,0,0,0,0,0,0,0,0,0,0,0,0,0,0.05,0,300,t
452,0,0,0,0,0,83,83,0,0,0,0,0,0.03,0,0,0,0,0,0,0,0,0,0,0,0,0,0,0,0.02,0,t
453,0,0,0,0,0,83,83,0,0,0,0,0,0.03,0,0,0,0,0,0,0,0,0,0,0,0,0,0,0,0.02,0,t
454,0,0,0,93,0,0,0,0,0,0.15,0,0,0,0,0.1,0,150,0.15,0,15,0,200,0,0,0,0,0,0,0,0,a
455,0,0,0,0,0,93,93,0,0,0,0.05,0,0,0,0,0.02,0,0,0.05,0,5,0,0,0,0,0,0,0,0,0,a
456,0,0,0,0,0,93,93,0,0,0,0.05,0,0,0,0,0.02,0,0,0.05,0,5,0,0,0,0,0,0,0,0,0,a
457,0,0,0,103,0,0,0,0,0,0,0,0,0,0,0,0,0,0.12,0,12,0,200,0.12,0,12,0,200,0,0,0,e
458,0,0,0,0,0,103,103,0,0,0,0,0,0,0,0,0,0,0,0.05,0,3,0,0,0.05,0,3,0,0,0,0,e
459,0,0,0,0,0,103,103,0,0,0,0,0,0,0,0,0,0,0,0.05,0,3,0,0,0.05,0,3,0,0,0,0,e
460,0,0,0,114,0,0,0,0,0,0,0,0,0,0,0.2,0,120,0,0,0,0,0,0,0,0,0,0,0,0,0,e
461,0,0,0,0,0,114,114,0,0,0,0,0,0,0,0,0.1,0,0,0,0,0,0,0,0,0,0,0,0,0,0,e
462,0,0,0,0,0,114,114,0,0,0,0,0,0,0,0,0.1,0,0,0,0,0,0,0,0,0,0,0,0,0,0,e
463,0,0,0,125,0,0,0,0,0,0.2,0,0,0,0,0,0,0,0.05,0,20,0,200,0,0,0,0,0,0,0,0,l
464,0,0,0,0,0,125,125,0,0,0,0.1,0,0,0,0,0,0,0,0.1,0,5,0,0,0,0,0,0,0,0,0,l
465,0,0,0,0,0,125,125,0,0,0,0.1,0,0,0,0,0,0,0,0.1,0,5,0,0,0,0,0,0,0,0,0,l
466,0,0,0,137,0,0,0,0,0,0.15,0,0,0,0,0,0,0,0.1,0,20,0,120,0,0,0,0,0,0,0,0,p
467,0,0,0,0,0,137,137,0,0,0,0.1,0,0,0,0,0,0,0,0.2,0,2,0,0,0,0,0,0,0,0,0,p
468,0,0,0,0,0,137,137,0,0,0,0.1,0,0,0,0,0,0,0,0.2,0,2,0,0,0,0,0,0,0,0,0,p
469,0,0,0,149,0,0,0,0,0,0,0,0,0,0,0,0,0,0.15,0,25,0,250,0,0,0,0,0,0,0,0,w
470,0,0,0,0,0,149,149,0,0,0,0,0,0,0,0,0,0,0,0.15,0,5,0,0,0,0,0,0,0,0,0,w
471,0,0,0,0,0,149,149,0,0,0,0,0,0,0,0,0,0,0,0.15,0,5,0,0,0,0,0,0,0,0,0,w
472,0,0,0,162,0,0,0,20,20,0,0,0,0,0,0,0,0,0,0,0,0,0,0,0,0,0,0,0,0,0,n
473,0,0,0,0,0,162,162,10,10,0,0,0,0,0,0,0,0,0,0,0,0,0,0,0,0,0,0,0,0,0,n
474,0,0,0,0,0,162,162,10,10,0,0,0,0,0,0,0,0,0,0,0,0,0,0,0,0,0,0,0,0,0,n
475,0,0,0,175,0,0,0,0,0,0,0,0,0,0,0,0,0,0,0,0,0,0,0,0,0,0,0,0,0,0,a
476,0,0,0,0,0,175,175,0,0,0,0,0,0,0,0,0,0,0,0,0,0,0,0,0,0,0,0,0,0,0,a
477,0,0,0,0,0,175,175,0,0,0,0,0,0,0,0,0,0,0,0,0,0,0,0,0,0,0,0,0,0,0,a
478,0,0,0,189,0,0,0,0,0,0,0,0.2,0,200,0,0,0,0,0,0,0,0,0,0,0,0,0,0,0,0,e
479,0,0,0,0,0,189,189,0,0,0,0,0,0.15,0,0,0,0,0,0,0,0,0,0,0,0,0,0,0,0,0,e
480,0,0,0,0,0,189,189,0,0,0,0,0,0.1,0,0,0,0,0,0,0,0,0,0,0,0,0,0,0,0,0,e
481,0,0,0,203,0,0,0,0,0,0.2,0,0,0,0,0,0,0,0.3,0,15,0,250,0,0,0,0,0,0,0,0,f
482,0,0,0,0,0,203,203,0,0,0,0.05,0,0,0,0,0,0,0,0.13,0,5,0,0,0,0,0,0,0,0,0,f
483,0,0,0,0,0,203,203,0,0,0,0.1,0,0,0,0,0,0,0,0.13,0,5,0,0,0,0,0,0,0,0,0,f
484,0,0,0,218,0,0,0,20,0,0,0,0.15,0,150,0,0,0,0,0,0,0,0,0,0,0,0,0,0.15,0,250,f
485,0,0,0,0,0,218,218,5,0,0,0,0,0.05,0,0,0,0,0,0,0,0,0,0,0,0,0,0,0,0.05,0,f
486,0,0,0,0,0,218,218,5,0,0,0,0,0.05,0,0,0,0,0,0,0,0,0,0,0,0,0,0,0,0.05,0,f
487,0,150,0,233,0,0,0,0,0,0.15,0,0,0,0,0,0,0,0.15,0,25,0,250,0,0,0,0,0,0,0,0,f
488,0,50,0,0,0,233,233,0,0,0,0.05,0,0,0,0,0,0,0,0.1,0,15,0,0,0,0,0,0,0,0,0,f
489,0,50,0,0,0,233,233,0,0,0,0.1,0,0,0,0,0,0,0,0.05,0,10,0,0,0,0,0,0,0,0,0,f
490,0,0,0,249,0,0,0,0,0,0,0,0.3,0,130,0.2,0,100,0,0,0,0,0,0,0,0,0,0,0,0,0,s
491,0,0,0,0,0,249,249,0,0,0,0,0,0.1,0,0,0.13,0,0,0,0,0,0,0,0,0,0,0,0,0,0,s
492,0,0,0,0,0,249,249,0,0,0,0,0,0.1,0,0,0.13,0,0,0,0,0,0,0,0,0,0,0,0,0,0,s
493,0,0,0,265,0,0,0,0,0,0,0,0.23,0,150,0,0,0,0,0,0,0,0,0,0,0,0,0,0,0,0,s
494,0,0,0,0,0,265,265,0,0,0,0,0,0.13,0,0,0,0,0,0,0,0,0,0,0,0,0,0,0,0,0,s
495,0,0,0,0,0,265,265,0,0,0,0,0,0.13,0,0,0,0,0,0,0,0,0,0,0,0,0,0,0,0,0,s
496,0,0,150,282,182,0,0,0,0,0,0,0,0,0,0,0,0,0,0,0,0,0,0,0,0,0,0,0.3,0,200,l
497,0,0,50,0,0,282,282,0,0,0,0,0,0,0,0,0,0,0,0,0,0,0,0,0,0,0,0,0,0.13,0,l
498,0,0,50,0,0,282,282,0,0,0,0,0,0,0,0,0,0,0,0,0,0,0,0,0,0,0,0,0,0.13,0,l
499,0,500,500,299,299,300,300,50,50,0.15,0.1,0.1,0.05,150,0.15,0.13,0.13,0.15,0.15,15,15,150,0.2,0.15,20,12,120,0.2,0.1,200,n
500,0,0,0,1,2,0,0,0,0,0,0,0,0,0,0,0,0,0,0,0,0,0,0,0,0,0,0,0,0,0,n
501,0,0,0,0,0,1,1,0,0,0,0,0,0,0,0,0,0,0,0,0,0,0,0,0,0,0,0,0,0,0,n
502,0,0,0,0,0,1,1,0,0,0,0,0,0,0,0,0,0,0,0,0,0,0,0,0,0,0,0,0,0,0,n
503,0,0,0,2,3,0,0,0,0,0,0,0,0,0,0,0,0,0,0,0,0,0,0,0,0,0,0,0,0,0,n
504,0,0,0,0,0,2,2,0,0,0,0,0,0,0,0,0,0,0,0,0,0,0,0,0,0,0,0,0,0,0,n
505,0,0,0,0,0,2,2,0,0,0,0,0,0,0,0,0,0,0,0,0,0,0,0,0,0,0,0,0,0,0,n
506,0,0,0,3,4,0,0,0,0,0,0,0,0,0,0,0,0,0,0,0,0,0,0,0,0,0,0,0,0,0,n
507,0,0,0,0,0,3,3,0,0,0,0,0,0,0,0,0,0,0,0,0,0,0,0,0,0,0,0,0,0,0,n
508,0,0,0,0,0,3,3,0,0,0,0,0,0,0,0,0,0,0,0,0,0,0,0,0,0,0,0,0,0,0,n
509,0,0,0,4,6,0,0,0,0,0,0,0,0,0,0,0,0,0,0,0,0,0,0,0,0,0,0,0,0,0,n
510,0,0,0,0,0,4,4,0,0,0,0,0,0,0,0,0,0,0,0,0,0,0,0,0,0,0,0,0,0,0,n
511,0,0,0,0,0,4,4,0,0,0,0,0,0,0,0,0,0,0,0,0,0,0,0,0,0,0,0,0,0,0,n
512,0,0,0,5,8,0,0,0,0,0,0,0,0,0,0,0,0,0,0,0,0,0,0,0,0,0,0,0,0,0,n
513,0,0,0,0,0,5,5,0,0,0,0,0,0,0,0,0,0,0,0,0,0,0,0,0,0,0,0,0,0,0,n
514,0,0,0,0,0,5,5,0,0,0,0,0,0,0,0,0,0,0,0,0,0,0,0,0,0,0,0,0,0,0,n
515,0,0,0,6,11,0,0,0,0,0,0,0,0,0,0,0,0,0,0,0,0,0,0,0,0,0,0,0,0,0,n
516,0,0,0,0,0,6,6,0,0,0,0,0,0,0,0,0,0,0,0,0,0,0,0,0,0,0,0,0,0,0,n
517,0,0,0,0,0,6,6,0,0,0,0,0,0,0,0,0,0,0,0,0,0,0,0,0,0,0,0,0,0,0,n
518,0,0,0,7,14,0,0,0,0,0,0,0,0,0,0,0,0,0,0,0,0,0,0,0,0,0,0,0,0,0,n
519,0,0,0,0,0,7,7,0,0,0,0,0,0,0,0,0,0,0,0,0,0,0,0,0,0,0,0,0,0,0,n
520,0,0,0,0,0,7,7,0,0,0,0,0,0,0,0,0,0,0,0,0,0,0,0,0,0,0,0,0,0,0,n
521,0,0,0,8,18,0,0,0,0,0,0,0,0,0,0,0,0,0,0,0,0,0,0,0,0,0,0,0,0,0,n
522,0,0,0,0,0,9,9,0,0,0,0,0,0,0,0,0,0,0,0,0,0,0,0,0,0,0,0,0,0,0,n
523,0,0,0,0,0,9,9,0,0,0,0,0,0,0,0,0,0,0,0,0,0,0,0,0,0,0,0,0,0,0,n
524,0,0,0,9,22,0,0,0,0,0,0,0,0,0,0,0,0,0,0,0,0,0,0,0,0,0,0,0,0,0,n
525,0,0,0,0,0,11,11,0,0,0,0,0,0,0,0,0,0,0,0,0,0,0,0,0,0,0,0,0,0,0,n
526,0,0,0,0,0,11,11,0,0,0,0,0,0,0,0,0,0,0,0,0,0,0,0,0,0,0,0,0,0,0,n
527,0,0,0,10,27,0,0,0,0,0,0,0,0,0,0,0,0,0,0,0,0,0,0,0,0,0,0,0,0,0,n
528,0,0,0,0,0,14,14,0,0,0,0,0,0,0,0,0,0,0,0,0,0,0,0,0,0,0,0,0,0,0,n
529,0,0,0,0,0,14,14,0,0,0,0,0,0,0,0,0,0,0,0,0,0,0,0,0,0,0,0,0,0,0,n
530,0,0,0,11,32,0,0,0,0,0,0,0,0,0,0,0,0,0,0,0,0,0,0,0,0,0,0,0,0,0,n
531,0,0,0,0,0,16,16,0,0,0,0,0,0,0,0,0,0,0,0,0,0,0,0,0,0,0,0,0,0,0,n
532,0,0,0,0,0,16,16,0,0,0,0,0,0,0,0,0,0,0,0,0,0,0,0,0,0,0,0,0,0,0,n
533,0,0,0,12,38,0,0,0,0,0,0,0,0,0,0,0,0,0,0,0,0,0,0,0,0,0,0,0,0,0,n
534,0,0,0,0,0,19,19,0,0,0,0,0,0,0,0,0,0,0,0,0,0,0,0,0,0,0,0,0,0,0,n
535,0,0,0,0,0,19,19,0,0,0,0,0,0,0,0,0,0,0,0,0,0,0,0,0,0,0,0,0,0,0,n
536,0,0,0,13,45,0,0,0,0,0,0,0,0,0,0,0,0,0,0,0,0,0,0,0,0,0,0,0,0,0,n
537,0,0,0,0,0,23,23,0,0,0,0,0,0,0,0,0,0,0,0,0,0,0,0,0,0,0,0,0,0,0,n
538,0,0,0,0,0,23,23,0,0,0,0,0,0,0,0,0,0,0,0,0,0,0,0,0,0,0,0,0,0,0,n
539,0,0,0,14,52,0,0,0,0,0,0,0,0,0,0,0,0,0,0,0,0,0,0,0,0,0,0,0,0,0,n
540,0,0,0,0,0,26,26,0,0,0,0,0,0,0,0,0,0,0,0,0,0,0,0,0,0,0,0,0,0,0,n
541,0,0,0,0,0,26,26,0,0,0,0,0,0,0,0,0,0,0,0,0,0,0,0,0,0,0,0,0,0,0,n
542,0,0,0,15,59,0,0,0,0,0,0,0,0,0,0,0,0,0,0,0,0,0,0,0,0,0,0,0,0,0,n
543,0,0,0,0,0,30,30,0,0,0,0,0,0,0,0,0,0,0,0,0,0,0,0,0,0,0,0,0,0,0,n
544,0,0,0,0,0,30,30,0,0,0,0,0,0,0,0,0,0,0,0,0,0,0,0,0,0,0,0,0,0,0,n
545,0,0,0,16,67,0,0,0,0,0,0,0,0,0,0,0,0,0,0,0,0,0,0,0,0,0,0,0,0,0,n
546,0,0,0,0,0,34,34,0,0,0,0,0,0,0,0,0,0,0,0,0,0,0,0,0,0,0,0,0,0,0,n
547,0,0,0,0,0,34,34,0,0,0,0,0,0,0,0,0,0,0,0,0,0,0,0,0,0,0,0,0,0,0,n
548,0,0,0,17,75,0,0,0,0,0,0,0,0,0,0,0,0,0,0,0,0,0,0,0,0,0,0,0,0,0,n
549,0,0,0,0,0,38,38,0,0,0,0,0,0,0,0,0,0,0,0,0,0,0,0,0,0,0,0,0,0,0,n
550,0,0,0,0,0,38,38,0,0,0,0,0,0,0,0,0,0,0,0,0,0,0,0,0,0,0,0,0,0,0,n
551,0,0,0,18,84,0,0,0,0,0,0,0,0,0,0,0,0,0,0,0,0,0,0,0,0,0,0,0,0,0,n
552,0,0,0,0,0,42,42,0,0,0,0,0,0,0,0,0,0,0,0,0,0,0,0,0,0,0,0,0,0,0,n
553,0,0,0,0,0,42,42,0,0,0,0,0,0,0,0,0,0,0,0,0,0,0,0,0,0,0,0,0,0,0,n
554,0,0,0,19,94,0,0,0,0,0,0,0,0,0,0,0,0,0,0,0,0,0,0,0,0,0,0,0,0,0,n
555,0,0,0,0,0,47,47,0,0,0,0,0,0,0,0,0,0,0,0,0,0,0,0,0,0,0,0,0,0,0,n
556,0,0,0,0,0,47,47,0,0,0,0,0,0,0,0,0,0,0,0,0,0,0,0,0,0,0,0,0,0,0,n
557,0,0,0,20,104,0,0,0,0,0,0,0,0,0,0,0,0,0,0,0,0,0,0,0,0,0,0,0,0,0,n
558,0,0,0,0,0,52,52,0,0,0,0,0,0,0,0,0,0,0,0,0,0,0,0,0,0,0,0,0,0,0,n
559,0,0,0,0,0,52,52,0,0,0,0,0,0,0,0,0,0,0,0,0,0,0,0,0,0,0,0,0,0,0,n
560,0,0,0,21,115,0,0,0,0,0,0,0,0,0,0,0,0,0,0,0,0,0,0,0,0,0,0,0,0,0,n
561,0,0,0,0,0,58,58,0,0,0,0,0,0,0,0,0,0,0,0,0,0,0,0,0,0,0,0,0,0,0,n
562,0,0,0,0,0,58,58,0,0,0,0,0,0,0,0,0,0,0,0,0,0,0,0,0,0,0,0,0,0,0,n
563,0,0,0,22,126,0,0,0,0,0,0,0,0,0,0,0,0,0,0,0,0,0,0,0,0,0,0,0,0,0,n
564,0,0,0,0,0,63,63,0,0,0,0,0,0,0,0,0,0,0,0,0,0,0,0,0,0,0,0,0,0,0,n
565,0,0,0,0,0,63,63,0,0,0,0,0,0,0,0,0,0,0,0,0,0,0,0,0,0,0,0,0,0,0,n
566,0,0,0,23,138,0,0,0,0,0,0,0,0,0,0,0,0,0,0,0,0,0,0,0,0,0,0,0,0,0,n
567,0,0,0,0,0,69,69,0,0,0,0,0,0,0,0,0,0,0,0,0,0,0,0,0,0,0,0,0,0,0,n
568,0,0,0,0,0,69,69,0,0,0,0,0,0,0,0,0,0,0,0,0,0,0,0,0,0,0,0,0,0,0,n
569,0,0,0,24,150,0,0,0,0,0,0,0,0,0,0,0,0,0,0,0,0,0,0,0,0,0,0,0,0,0,n
570,0,0,0,0,0,75,75,0,0,0,0,0,0,0,0,0,0,0,0,0,0,0,0,0,0,0,0,0,0,0,n
571,0,0,0,0,0,75,75,0,0,0,0,0,0,0,0,0,0,0,0,0,0,0,0,0,0,0,0,0,0,0,n
572,0,0,0,25,163,0,0,0,0,0,0,0,0,0,0,0,0,0,0,0,0,0,0,0,0,0,0,0,0,0,n
573,0,0,0,0,0,82,82,0,0,0,0,0,0,0,0,0,0,0,0,0,0,0,0,0,0,0,0,0,0,0,n
574,0,0,0,0,0,82,82,0,0,0,0,0,0,0,0,0,0,0,0,0,0,0,0,0,0,0,0,0,0,0,n
575,0,0,0,26,176,0,0,0,0,0,0,0,0,0,0,0,0,0,0,0,0,0,0,0,0,0,0,0,0,0,n
576,0,0,0,0,0,88,88,0,0,0,0,0,0,0,0,0,0,0,0,0,0,0,0,0,0,0,0,0,0,0,n
577,0,0,0,0,0,88,88,0,0,0,0,0,0,0,0,0,0,0,0,0,0,0,0,0,0,0,0,0,0,0,n
578,0,0,0,27,190,0,0,0,0,0,0,0,0,0,0,0,0,0,0,0,0,0,0,0,0,0,0,0,0,0,n
579,0,0,0,0,0,95,95,0,0,0,0,0,0,0,0,0,0,0,0,0,0,0,0,0,0,0,0,0,0,0,n
580,0,0,0,0,0,95,95,0,0,0,0,0,0,0,0,0,0,0,0,0,0,0,0,0,0,0,0,0,0,0,n
581,0,0,0,28,204,0,0,0,0,0,0,0,0,0,0,0,0,0,0,0,0,0,0,0,0,0,0,0,0,0,n
582,0,0,0,0,0,102,102,0,0,0,0,0,0,0,0,0,0,0,0,0,0,0,0,0,0,0,0,0,0,0,n
583,0,0,0,0,0,102,102,0,0,0,0,0,0,0,0,0,0,0,0,0,0,0,0,0,0,0,0,0,0,0,n
584,0,0,0,29,219,0,0,0,0,0,0,0,0,0,0,0,0,0,0,0,0,0,0,0,0,0,0,0,0,0,n
585,0,0,0,0,0,110,110,0,0,0,0,0,0,0,0,0,0,0,0,0,0,0,0,0,0,0,0,0,0,0,n
586,0,0,0,0,0,110,110,0,0,0,0,0,0,0,0,0,0,0,0,0,0,0,0,0,0,0,0,0,0,0,n
587,0,0,0,30,234,0,0,0,0,0,0,0,0,0,0,0,0,0,0,0,0,0,0,0,0,0,0,0,0,0,n
588,0,0,0,0,0,117,117,0,0,0,0,0,0,0,0,0,0,0,0,0,0,0,0,0,0,0,0,0,0,0,n
589,0,0,0,0,0,117,117,0,0,0,0,0,0,0,0,0,0,0,0,0,0,0,0,0,0,0,0,0,0,0,n
590,0,0,0,31,250,0,0,0,0,0,0,0,0,0,0,0,0,0,0,0,0,0,0,0,0,0,0,0,0,0,n
591,0,0,0,0,0,125,125,0,0,0,0,0,0,0,0,0,0,0,0,0,0,0,0,0,0,0,0,0,0,0,n
592,0,0,0,0,0,125,125,0,0,0,0,0,0,0,0,0,0,0,0,0,0,0,0,0,0,0,0,0,0,0,n
593,0,0,0,32,266,0,0,0,0,0,0,0,0,0,0,0,0,0,0,0,0,0,0,0,0,0,0,0,0,0,n
594,0,0,0,0,0,133,133,0,0,0,0,0,0,0,0,0,0,0,0,0,0,0,0,0,0,0,0,0,0,0,n
595,0,0,0,0,0,133,133,0,0,0,0,0,0,0,0,0,0,0,0,0,0,0,0,0,0,0,0,0,0,0,n
596,0,0,0,33,283,0,0,0,0,0,0,0,0,0,0,0,0,0,0,0,0,0,0,0,0,0,0,0,0,0,n
597,0,0,0,0,0,142,142,0,0,0,0,0,0,0,0,0,0,0,0,0,0,0,0,0,0,0,0,0,0,0,n
598,0,0,0,0,0,142,142,0,0,0,0,0,0,0,0,0,0,0,0,0,0,0,0,0,0,0,0,0,0,0,n
599,0,0,0,34,300,0,0,0,0,0,0,0,0,0,0,0,0,0,0,0,0,0,0,0,0,0,0,0,0,0,n
600,0,3,0,2,1,0,0,0,0,0,0,0,0,0,0,0,0,0.05,0,3,0,200,0,0,0,0,0,0,0,0,n
601,0,5,0,0,0,1,1,0,0,0,0,0,0,0,0,0,0,0,0.02,0,1,0,0,0,0,0,0,0,0,0,n
602,0,5,0,0,0,1,1,0,0,0,0,0,0,0,0,0,0,0,0.02,0,1,0,0,0,0,0,0,0,0,0,n
603,0,0,0,3,2,0,0,0,0,0,0,0,0,0,0,0,0,0,0,0,0,0,0,0,0,0,0,0,0,0,e
604,0,0,0,0,0,2,2,0,0,0,0,0,0,0,0,0,0,0,0,0,0,0,0,0,0,0,0,0,0,0,e
605,0,0,0,0,0,2,2,0,0,0,0,0,0,0,0,0,0,0,0,0,0,0,0,0,0,0,0,0,0,0,e
606,0,0,0,4,3,0,0,0,0,0.15,0,0,0,0,0,0,0,0,0,0,0,0,0,0,0,0,0,0,0,0,f
607,0,0,0,0,0,3,3,0,0,0,0.05,0,0,0,0,0,0,0,0,0,0,0,0,0,0,0,0,0,0,0,f
608,0,0,0,0,0,3,3,0,0,0,0.05,0,0,0,0,0,0,0,0,0,0,0,0,0,0,0,0,0,0,0,f
609,0,0,0,5,5,0,0,0,0,0,0,0,0,0,0,0,0,0,0,0,0,0,0,0,0,0,0,0,0,0,a
610,0,0,0,0,0,4,4,0,0,0,0,0,0,0,0,0,0,0,0,0,0,0,0,0,0,0,0,0,0,0,a
611,0,0,0,0,0,4,4,0,0,0,0,0,0,0,0,0,0,0,0,0,0,0,0,0,0,0,0,0,0,0,a
612,0,0,0,6,7,0,0,0,0,0,0,0.1,0,100,0,0,0,0,0,0,0,0,0,0,0,0,0,0,0,0,w
613,0,0,0,0,0,5,5,0,0,0,0,0,0.05,0,0,0,0,0,0,0,0,0,0,0,0,0,0,0,0,0,w
614,0,0,0,0,0,5,5,0,0,0,0,0,0.05,0,0,0,0,0,0,0,0,0,0,0,0,0,0,0,0,0,w
615,0,0,0,7,10,0,0,0,0,0,0,0,0,0,0,0,0,0,0,0,0,0,0,0,0,0,0,0,0,0,p
616,0,0,0,0,0,6,6,0,0,0,0,0,0,0,0,0,0,0,0,0,0,0,0,0,0,0,0,0,0,0,p
617,0,0,0,0,0,6,6,0,0,0,0,0,0,0,0,0,0,0,0,0,0,0,0,0,0,0,0,0,0,0,p
618,0,0,0,8,13,0,0,0,0,0.1,0,0.1,0,150,0,0,0,0,0,0,0,0,0,0,0,0,0,0,-0.3,0,a
619,0,0,0,0,0,7,7,0,0,0,0.1,0,0.05,0,0,0,0,0,0,0,0,0,0,0,0,0,0,0,0.05,0,a
620,0,0,0,0,0,7,7,0,0,0,0.1,0,0.05,0,0,0,0,0,0,0,0,0,0,0,0,0,0,0,0.05,0,a
621,0,0,0,9,17,0,0,0,5,0,0,0,0,0,0,0,0,0,0,0,0,0,0,0,0,0,0,0,0,0,e
622,0,0,0,0,0,9,9,0,2,0,0,0,0,0,0,0,0,0,0,0,0,0,0,0,0,0,0,0,0,0,e
623,0,0,0,0,0,9,9,0,2,0,0,0,0,0,0,0,0,0,0,0,0,0,0,0,0,0,0,0,0,0,e
624,0,20,0,10,21,0,0,0,0,0,0,0,0,0,0,0,0,0,0,0,0,0,0,0,0,0,0,0,0,0,f
625,0,50,0,0,0,11,11,0,0,0,0,0,0,0,0,0,0,0,0,0,0,0,0,0,0,0,0,0,0,0,f
626,0,50,0,0,0,11,11,0,0,0,0,0,0,0,0,0,0,0,0,0,0,0,0,0,0,0,0,0,0,0,f
627,0,0,0,11,26,0,0,0,3,0,0,0.15,0,120,0,0,0,0,0,0,0,0,0,0,0,0,0,0,0,0,a
628,0,0,0,0,0,14,14,0,1,0,0,0,0.1,0,0,0,0,0,0,0,0,0,0,0,0,0,0,0,0,0,a
629,0,0,0,0,0,14,14,0,1,0,0,0,0.1,0,0,0,0,0,0,0,0,0,0,0,0,0,0,0,0,0,a
630,0,0,0,12,31,0,0,0,0,0,0,0,0,0,0,0,0,0,0,0,0,0,0,0,0,0,0,0,0,0,a
631,0,0,0,0,0,16,16,0,0,0,0,0,0,0,0,0,0,0,0,0,0,0,0,0,0,0,0,0,0,0,a
632,0,0,0,0,0,16,16,0,0,0,0,0,0,0,0,0,0,0,0,0,0,0,0,0,0,0,0,0,0,0,a
633,0,0,25,13,37,0,0,0,0,0,0,0,0,0,0,0,0,0,0,0,0,0,0,0,0,0,0,0.15,0,200,w
634,0,0,50,0,0,19,19,0,0,0,0,0,0,0,0,0,0,0,0,0,0,0,0,0,0,0,0,0,0.1,0,w
635,0,0,50,0,0,19,19,0,0,0,0,0,0,0,0,0,0,0,0,0,0,0,0,0,0,0,0,0,0.1,0,w
636,0,0,0,14,44,0,0,0,0,0.15,0,0,0,0,0,0,0,0.15,0,10,0,150,0,0,0,0,0,0,0,0,p
637,0,0,0,0,0,23,23,0,0,0,0.1,0,0,0,0,0,0,0,0.1,0,3,0,0,0,0,0,0,0,0,0,p
638,0,0,0,0,0,23,23,0,0,0,0.1,0,0,0,0,0,0,0,0.1,0,3,0,0,0,0,0,0,0,0,0,p
639,0,0,0,15,51,0,0,0,0,0,0,0,0,0,0,0,0,0,0,0,0,0,0.15,0,5,0,200,0,0,0,e
640,0,0,0,0,0,26,26,0,0,0,0,0,0,0,0,0,0,0,0,0,0,0,0,0.1,0,2,0,0,0,0,e
641,0,0,0,0,0,26,26,0,0,0,0,0,0,0,0,0,0,0,0,0,0,0,0,0.1,0,2,0,0,0,0,e
642,0,0,0,16,58,0,0,0,0,0,0,0,0,0,0,0,0,0,0,0,0,0,0.2,0,8,0,230,0,0,0,p
643,0,0,0,0,0,30,30,0,0,0,0,0,0,0,0,0,0,0,0,0,0,0,0,0.1,0,3,0,0,0,0,p
644,0,0,0,0,0,30,30,0,0,0,0,0,0,0,0,0,0,0,0,0,0,0,0,0.1,0,3,0,0,0,0,p
645,0,0,0,17,66,0,0,0,0,0,0,0.1,0,120,0.15,0,200,0,0,0,0,0,0,0,0,0,0,0,0,0,l
646,0,0,0,0,0,34,34,0,0,0,0,0,0.02,0,0,0.05,0,0,0,0,0,0,0,0,0,0,0,0,0,0,l
647,0,0,0,0,0,34,34,0,0,0,0,0,0.02,0,0,0.05,0,0,0,0,0,0,0,0,0,0,0,0,0,0,l
648,0,0,0,18,74,0,0,0,0,0,0,0.15,0,200,0,0,0,0,0,0,0,0,0,0,0,0,0,0,0,0,d
649,0,0,0,0,0,38,38,0,0,0,0,0,0.05,0,0,0,0,0,0,0,0,0,0,0,0,0,0,0,0,0,d
650,0,0,0,0,0,38,38,0,0,0,0,0,0.05,0,0,0,0,0,0,0,0,0,0,0,0,0,0,0,0,0,d
651,0,0,0,19,83,0,0,0,0,0,0,0.1,0,170,0,0,0,0,0,0,0,0,0,0,0,0,0,0.05,0,300,t
652,0,0,0,0,0,42,42,0,0,0,0,0,0.03,0,0,0,0,0,0,0,0,0,0,0,0,0,0,0,0.02,0,t
653,0,0,0,0,0,42,42,0,0,0,0,0,0.03,0,0,0,0,0,0,0,0,0,0,0,0,0,0,0,0.02,0,t
654,0,0,0,20,93,0,0,0,0,0.15,0,0,0,0,0.1,0,150,0.15,0,15,0,200,0,0,0,0,0,0,0,0,a
655,0,0,0,0,0,47,47,0,0,0,0.05,0,0,0,0,0.02,0,0,0.05,0,5,0,0,0,0,0,0,0,0,0,a
656,0,0,0,0,0,47,47,0,0,0,0.05,0,0,0,0,0.02,0,0,0.05,0,5,0,0,0,0,0,0,0,0,0,a
657,0,0,0,21,103,0,0,0,0,0,0,0,0,0,0,0,0,0.12,0,12,0,200,0.12,0,12,0,200,0,0,0,e
658,0,0,0,0,0,52,52,0,0,0,0,0,0,0,0,0,0,0,0.05,0,3,0,0,0.05,0,3,0,0,0,0,e
659,0,0,0,0,0,52,52,0,0,0,0,0,0,0,0,0,0,0,0.05,0,3,0,0,0.05,0,3,0,0,0,0,e
660,0,0,0,22,114,0,0,0,0,0,0,0,0,0,0.2,0,120,0,0,0,0,0,0,0,0,0,0,0,0,0,e
661,0,0,0,0,0,58,58,0,0,0,0,0,0,0,0,0.1,0,0,0,0,0,0,0,0,0,0,0,0,0,0,e
662,0,0,0,0,0,58,58,0,0,0,0,0,0,0,0,0.1,0,0,0,0,0,0,0,0,0,0,0,0,0,0,e
663,0,0,0,23,125,0,0,0,0,0.2,0,0,0,0,0,0,0,0.05,0,20,0,200,0,0,0,0,0,0,0,0,l
664,0,0,0,0,0,63,63,0,0,0,0.1,0,0,0,0,0,0,0,0.1,0,5,0,0,0,0,0,0,0,0,0,l
665,0,0,0,0,0,63,63,0,0,0,0.1,0,0,0,0,0,0,0,0.1,0,5,0,0,0,0,0,0,0,0,0,l
666,0,0,0,24,137,0,0,0,0,0.15,0,0,0,0,0,0,0,0.1,0,20,0,120,0,0,0,0,0,0,0,0,p
667,0,0,0,0,0,69,69,0,0,0,0.1,0,0,0,0,0,0,0,0.2,0,2,0,0,0,0,0,0,0,0,0,p
668,0,0,0,0,0,69,69,0,0,0,0.1,0,0,0,0,0,0,0,0.2,0,2,0,0,0,0,0,0,0,0,0,p
669,0,0,0,25,149,0,0,0,0,0,0,0,0,0,0,0,0,0.15,0,25,0,250,0,0,0,0,0,0,0,0,w
670,0,0,0,0,0,75,75,0,0,0,0,0,0,0,0,0,0,0,0.15,0,5,0,0,0,0,0,0,0,0,0,w
671,0,0,0,0,0,75,75,0,0,0,0,0,0,0,0,0,0,0,0.15,0,5,0,0,0,0,0,0,0,0,0,w
672,0,0,0,26,162,0,0,20,20,0,0,0,0,0,0,0,0,0,0,0,0,0,0,0,0,0,0,0,0,0,n
673,0,0,0,0,0,82,82,10,10,0,0,0,0,0,0,0,0,0,0,0,0,0,0,0,0,0,0,0,0,0,n
674,0,0,0,0,0,82,82,10,10,0,0,0,0,0,0,0,0,0,0,0,0,0,0,0,0,0,0,0,0,0,n
675,0,0,0,27,175,0,0,0,0,0,0,0,0,0,0,0,0,0,0,0,0,0,0,0,0,0,0,0,0,0,a
676,0,0,0,0,0,88,88,0,0,0,0,0,0,0,0,0,0,0,0,0,0,0,0,0,0,0,0,0,0,0,a
677,0,0,0,0,0,88,88,0,0,0,0,0,0,0,0,0,0,0,0,0,0,0,0,0,0,0,0,0,0,0,a
678,0,0,0,28,189,0,0,0,0,0,0,0.2,0,200,0,0,0,0,0,0,0,0,0,0,0,0,0,0,0,0,e
679,0,0,0,0,0,95,95,0,0,0,0,0,0.15,0,0,0,0,0,0,0,0,0,0,0,0,0,0,0,0,0,e
680,0,0,0,0,0,95,95,0,0,0,0,0,0.1,0,0,0,0,0,0,0,0,0,0,0,0,0,0,0,0,0,e
681,0,0,0,29,203,0,0,0,0,0.2,0,0,0,0,0,0,0,0.3,0,15,0,250,0,0,0,0,0,0,0,0,f
682,0,0,0,0,0,102,102,0,0,0,0.05,0,0,0,0,0,0,0,0.13,0,5,0,0,0,0,0,0,0,0,0,f
683,0,0,0,0,0,102,102,0,0,0,0.1,0,0,0,0,0,0,0,0.13,0,5,0,0,0,0,0,0,0,0,0,f
684,0,0,0,30,218,0,0,50,0,0,0,0.15,0,150,0,0,0,0,0,0,0,0,0,0,0,0,0,0.15,0,250,f
685,0,0,0,0,0,110,110,15,0,0,0,0,0.05,0,0,0,0,0,0,0,0,0,0,0,0,0,0,0,0.05,0,f
686,0,0,0,0,0,110,110,15,0,0,0,0,0.05,0,0,0,0,0,0,0,0,0,0,0,0,0,0,0,0.05,0,f
687,0,150,0,31,233,0,0,0,0,0.15,0,0,0,0,0,0,0,0.15,0,25,0,250,0,0,0,0,0,0,0,0,f
688,0,50,0,0,0,117,117,0,0,0,0.05,0,0,0,0,0,0,0,0.1,0,15,0,0,0,0,0,0,0,0,0,f
689,0,50,0,0,0,117,117,0,0,0,0.1,0,0,0,0,0,0,0,0.05,0,10,0,0,0,0,0,0,0,0,0,f
690,0,0,0,32,249,0,0,0,0,0,0,0.3,0,130,0.2,0,100,0,0,0,0,0,0,0,0,0,0,0,0,0,s
691,0,0,0,0,0,125,125,0,0,0,0,0,0.1,0,0,0.13,0,0,0,0,0,0,0,0,0,0,0,0,0,0,s
692,0,0,0,0,0,125,125,0,0,0,0,0,0.1,0,0,0.13,0,0,0,0,0,0,0,0,0,0,0,0,0,0,s
693,0,0,0,33,265,0,0,0,0,0,0,0.23,0,150,0,0,0,0,0,0,0,0,0,0,0,0,0,0,0,0,s
694,0,0,0,0,0,133,133,0,0,0,0,0,0.13,0,0,0,0,0,0,0,0,0,0,0,0,0,0,0,0,0,s
695,0,0,0,0,0,133,133,0,0,0,0,0,0.13,0,0,0,0,0,0,0,0,0,0,0,0,0,0,0,0,0,s
696,0,0,150,34,282,0,0,0,0,0,0,0,0,0,0,0,0,0,0,0,0,0,0,0,0,0,0,0.3,0,200,l
697,0,0,50,0,0,142,142,0,0,0,0,0,0,0,0,0,0,0,0,0,0,0,0,0,0,0,0,0,0.13,0,l
698,0,0,50,0,0,142,142,0,0,0,0,0,0,0,0,0,0,0,0,0,0,0,0,0,0,0,0,0,0.13,0,l
699,0,500,500,35,299,0,0,50,50,0.15,0.1,0.1,0.05,150,0.15,0.13,0.13,0.15,0.15,15,15,150,0.2,0.15,20,12,120,0.2,0.1,200,n
700,0,0,0,1,1,0,0,0,0,0,0,0,0,0,0,0,0,0,0,0,0,0,0,0,0,0,0,0,0,0,n
701,0,0,0,0,0,1,1,0,0,0,0,0,0,0,0,0,0,0,0,0,0,0,0,0,0,0,0,0,0,0,n
702,0,0,0,0,0,1,1,0,0,0,0,0,0,0,0,0,0,0,0,0,0,0,0,0,0,0,0,0,0,0,n
703,0,0,0,2,2,0,0,0,0,0,0,0,0,0,0,0,0,0,0,0,0,0,0,0,0,0,0,0,0,0,n
704,0,0,0,0,0,2,2,0,0,0,0,0,0,0,0,0,0,0,0,0,0,0,0,0,0,0,0,0,0,0,n
705,0,0,0,0,0,2,2,0,0,0,0,0,0,0,0,0,0,0,0,0,0,0,0,0,0,0,0,0,0,0,n
706,0,0,0,3,3,0,0,0,0,0,0,0,0,0,0,0,0,0,0,0,0,0,0,0,0,0,0,0,0,0,n
707,0,0,0,0,0,3,3,0,0,0,0,0,0,0,0,0,0,0,0,0,0,0,0,0,0,0,0,0,0,0,n
708,0,0,0,0,0,3,3,0,0,0,0,0,0,0,0,0,0,0,0,0,0,0,0,0,0,0,0,0,0,0,n
709,0,0,0,4,4,0,0,0,0,0,0,0,0,0,0,0,0,0,0,0,0,0,0,0,0,0,0,0,0,0,n
710,0,0,0,0,0,4,4,0,0,0,0,0,0,0,0,0,0,0,0,0,0,0,0,0,0,0,0,0,0,0,n
711,0,0,0,0,0,4,4,0,0,0,0,0,0,0,0,0,0,0,0,0,0,0,0,0,0,0,0,0,0,0,n
712,0,0,0,5,5,0,0,0,0,0,0,0,0,0,0,0,0,0,0,0,0,0,0,0,0,0,0,0,0,0,n
713,0,0,0,0,0,5,5,0,0,0,0,0,0,0,0,0,0,0,0,0,0,0,0,0,0,0,0,0,0,0,n
714,0,0,0,0,0,5,5,0,0,0,0,0,0,0,0,0,0,0,0,0,0,0,0,0,0,0,0,0,0,0,n
715,0,0,0,6,6,0,0,0,0,0,0,0,0,0,0,0,0,0,0,0,0,0,0,0,0,0,0,0,0,0,n
716,0,0,0,0,0,6,6,0,0,0,0,0,0,0,0,0,0,0,0,0,0,0,0,0,0,0,0,0,0,0,n
717,0,0,0,0,0,6,6,0,0,0,0,0,0,0,0,0,0,0,0,0,0,0,0,0,0,0,0,0,0,0,n
718,0,0,0,7,7,0,0,0,0,0,0,0,0,0,0,0,0,0,0,0,0,0,0,0,0,0,0,0,0,0,n
719,0,0,0,0,0,7,7,0,0,0,0,0,0,0,0,0,0,0,0,0,0,0,0,0,0,0,0,0,0,0,n
720,0,0,0,0,0,7,7,0,0,0,0,0,0,0,0,0,0,0,0,0,0,0,0,0,0,0,0,0,0,0,n
721,0,0,0,9,9,0,0,0,0,0,0,0,0,0,0,0,0,0,0,0,0,0,0,0,0,0,0,0,0,0,n
722,0,0,0,0,0,9,9,0,0,0,0,0,0,0,0,0,0,0,0,0,0,0,0,0,0,0,0,0,0,0,n
723,0,0,0,0,0,9,9,0,0,0,0,0,0,0,0,0,0,0,0,0,0,0,0,0,0,0,0,0,0,0,n
724,0,0,0,11,11,0,0,0,0,0,0,0,0,0,0,0,0,0,0,0,0,0,0,0,0,0,0,0,0,0,n
725,0,0,0,0,0,11,11,0,0,0,0,0,0,0,0,0,0,0,0,0,0,0,0,0,0,0,0,0,0,0,n
726,0,0,0,0,0,11,11,0,0,0,0,0,0,0,0,0,0,0,0,0,0,0,0,0,0,0,0,0,0,0,n
727,0,0,0,14,14,0,0,0,0,0,0,0,0,0,0,0,0,0,0,0,0,0,0,0,0,0,0,0,0,0,n
728,0,0,0,0,0,14,14,0,0,0,0,0,0,0,0,0,0,0,0,0,0,0,0,0,0,0,0,0,0,0,n
729,0,0,0,0,0,14,14,0,0,0,0,0,0,0,0,0,0,0,0,0,0,0,0,0,0,0,0,0,0,0,n
730,0,0,0,16,16,0,0,0,0,0,0,0,0,0,0,0,0,0,0,0,0,0,0,0,0,0,0,0,0,0,n
731,0,0,0,0,0,16,16,0,0,0,0,0,0,0,0,0,0,0,0,0,0,0,0,0,0,0,0,0,0,0,n
732,0,0,0,0,0,16,16,0,0,0,0,0,0,0,0,0,0,0,0,0,0,0,0,0,0,0,0,0,0,0,n
733,0,0,0,19,19,0,0,0,0,0,0,0,0,0,0,0,0,0,0,0,0,0,0,0,0,0,0,0,0,0,n
734,0,0,0,0,0,19,19,0,0,0,0,0,0,0,0,0,0,0,0,0,0,0,0,0,0,0,0,0,0,0,n
735,0,0,0,0,0,19,19,0,0,0,0,0,0,0,0,0,0,0,0,0,0,0,0,0,0,0,0,0,0,0,n
736,0,0,0,23,23,0,0,0,0,0,0,0,0,0,0,0,0,0,0,0,0,0,0,0,0,0,0,0,0,0,n
737,0,0,0,0,0,23,23,0,0,0,0,0,0,0,0,0,0,0,0,0,0,0,0,0,0,0,0,0,0,0,n
738,0,0,0,0,0,23,23,0,0,0,0,0,0,0,0,0,0,0,0,0,0,0,0,0,0,0,0,0,0,0,n
739,0,0,0,26,26,0,0,0,0,0,0,0,0,0,0,0,0,0,0,0,0,0,0,0,0,0,0,0,0,0,n
740,0,0,0,0,0,26,26,0,0,0,0,0,0,0,0,0,0,0,0,0,0,0,0,0,0,0,0,0,0,0,n
741,0,0,0,0,0,26,26,0,0,0,0,0,0,0,0,0,0,0,0,0,0,0,0,0,0,0,0,0,0,0,n
742,0,0,0,30,30,0,0,0,0,0,0,0,0,0,0,0,0,0,0,0,0,0,0,0,0,0,0,0,0,0,n
743,0,0,0,0,0,30,30,0,0,0,0,0,0,0,0,0,0,0,0,0,0,0,0,0,0,0,0,0,0,0,n
744,0,0,0,0,0,30,30,0,0,0,0,0,0,0,0,0,0,0,0,0,0,0,0,0,0,0,0,0,0,0,n
745,0,0,0,34,34,0,0,0,0,0,0,0,0,0,0,0,0,0,0,0,0,0,0,0,0,0,0,0,0,0,n
746,0,0,0,0,0,34,34,0,0,0,0,0,0,0,0,0,0,0,0,0,0,0,0,0,0,0,0,0,0,0,n
747,0,0,0,0,0,34,34,0,0,0,0,0,0,0,0,0,0,0,0,0,0,0,0,0,0,0,0,0,0,0,n
748,0,0,0,38,38,0,0,0,0,0,0,0,0,0,0,0,0,0,0,0,0,0,0,0,0,0,0,0,0,0,n
749,0,0,0,0,0,38,38,0,0,0,0,0,0,0,0,0,0,0,0,0,0,0,0,0,0,0,0,0,0,0,n
750,0,0,0,0,0,38,38,0,0,0,0,0,0,0,0,0,0,0,0,0,0,0,0,0,0,0,0,0,0,0,n
751,0,0,0,42,42,0,0,0,0,0,0,0,0,0,0,0,0,0,0,0,0,0,0,0,0,0,0,0,0,0,n
752,0,0,0,0,0,42,42,0,0,0,0,0,0,0,0,0,0,0,0,0,0,0,0,0,0,0,0,0,0,0,n
753,0,0,0,0,0,42,42,0,0,0,0,0,0,0,0,0,0,0,0,0,0,0,0,0,0,0,0,0,0,0,n
754,0,0,0,47,47,0,0,0,0,0,0,0,0,0,0,0,0,0,0,0,0,0,0,0,0,0,0,0,0,0,n
755,0,0,0,0,0,47,47,0,0,0,0,0,0,0,0,0,0,0,0,0,0,0,0,0,0,0,0,0,0,0,n
756,0,0,0,0,0,47,47,0,0,0,0,0,0,0,0,0,0,0,0,0,0,0,0,0,0,0,0,0,0,0,n
757,0,0,0,52,52,0,0,0,0,0,0,0,0,0,0,0,0,0,0,0,0,0,0,0,0,0,0,0,0,0,n
758,0,0,0,0,0,52,52,0,0,0,0,0,0,0,0,0,0,0,0,0,0,0,0,0,0,0,0,0,0,0,n
759,0,0,0,0,0,52,52,0,0,0,0,0,0,0,0,0,0,0,0,0,0,0,0,0,0,0,0,0,0,0,n
760,0,0,0,58,58,0,0,0,0,0,0,0,0,0,0,0,0,0,0,0,0,0,0,0,0,0,0,0,0,0,n
761,0,0,0,0,0,58,58,0,0,0,0,0,0,0,0,0,0,0,0,0,0,0,0,0,0,0,0,0,0,0,n
762,0,0,0,0,0,58,58,0,0,0,0,0,0,0,0,0,0,0,0,0,0,0,0,0,0,0,0,0,0,0,n
763,0,0,0,63,63,0,0,0,0,0,0,0,0,0,0,0,0,0,0,0,0,0,0,0,0,0,0,0,0,0,n
764,0,0,0,0,0,63,63,0,0,0,0,0,0,0,0,0,0,0,0,0,0,0,0,0,0,0,0,0,0,0,n
765,0,0,0,0,0,63,63,0,0,0,0,0,0,0,0,0,0,0,0,0,0,0,0,0,0,0,0,0,0,0,n
766,0,0,0,69,69,0,0,0,0,0,0,0,0,0,0,0,0,0,0,0,0,0,0,0,0,0,0,0,0,0,n
767,0,0,0,0,0,69,69,0,0,0,0,0,0,0,0,0,0,0,0,0,0,0,0,0,0,0,0,0,0,0,n
768,0,0,0,0,0,69,69,0,0,0,0,0,0,0,0,0,0,0,0,0,0,0,0,0,0,0,0,0,0,0,n
769,0,0,0,75,75,0,0,0,0,0,0,0,0,0,0,0,0,0,0,0,0,0,0,0,0,0,0,0,0,0,n
770,0,0,0,0,0,75,75,0,0,0,0,0,0,0,0,0,0,0,0,0,0,0,0,0,0,0,0,0,0,0,n
771,0,0,0,0,0,75,75,0,0,0,0,0,0,0,0,0,0,0,0,0,0,0,0,0,0,0,0,0,0,0,n
772,0,0,0,82,82,0,0,0,0,0,0,0,0,0,0,0,0,0,0,0,0,0,0,0,0,0,0,0,0,0,n
773,0,0,0,0,0,82,82,0,0,0,0,0,0,0,0,0,0,0,0,0,0,0,0,0,0,0,0,0,0,0,n
774,0,0,0,0,0,82,82,0,0,0,0,0,0,0,0,0,0,0,0,0,0,0,0,0,0,0,0,0,0,0,n
775,0,0,0,88,88,0,0,0,0,0,0,0,0,0,0,0,0,0,0,0,0,0,0,0,0,0,0,0,0,0,n
776,0,0,0,0,0,88,88,0,0,0,0,0,0,0,0,0,0,0,0,0,0,0,0,0,0,0,0,0,0,0,n
777,0,0,0,0,0,88,88,0,0,0,0,0,0,0,0,0,0,0,0,0,0,0,0,0,0,0,0,0,0,0,n
778,0,0,0,95,95,0,0,0,0,0,0,0,0,0,0,0,0,0,0,0,0,0,0,0,0,0,0,0,0,0,n
779,0,0,0,0,0,95,95,0,0,0,0,0,0,0,0,0,0,0,0,0,0,0,0,0,0,0,0,0,0,0,n
780,0,0,0,0,0,95,95,0,0,0,0,0,0,0,0,0,0,0,0,0,0,0,0,0,0,0,0,0,0,0,n
781,0,0,0,102,102,0,0,0,0,0,0,0,0,0,0,0,0,0,0,0,0,0,0,0,0,0,0,0,0,0,n
782,0,0,0,0,0,102,102,0,0,0,0,0,0,0,0,0,0,0,0,0,0,0,0,0,0,0,0,0,0,0,n
783,0,0,0,0,0,102,102,0,0,0,0,0,0,0,0,0,0,0,0,0,0,0,0,0,0,0,0,0,0,0,n
784,0,0,0,110,110,0,0,0,0,0,0,0,0,0,0,0,0,0,0,0,0,0,0,0,0,0,0,0,0,0,n
785,0,0,0,0,0,110,110,0,0,0,0,0,0,0,0,0,0,0,0,0,0,0,0,0,0,0,0,0,0,0,n
786,0,0,0,0,0,110,110,0,0,0,0,0,0,0,0,0,0,0,0,0,0,0,0,0,0,0,0,0,0,0,n
787,0,0,0,117,117,0,0,0,0,0,0,0,0,0,0,0,0,0,0,0,0,0,0,0,0,0,0,0,0,0,n
788,0,0,0,0,0,117,117,0,0,0,0,0,0,0,0,0,0,0,0,0,0,0,0,0,0,0,0,0,0,0,n
789,0,0,0,0,0,117,117,0,0,0,0,0,0,0,0,0,0,0,0,0,0,0,0,0,0,0,0,0,0,0,n
790,0,0,0,125,125,0,0,0,0,0,0,0,0,0,0,0,0,0,0,0,0,0,0,0,0,0,0,0,0,0,n
791,0,0,0,0,0,125,125,0,0,0,0,0,0,0,0,0,0,0,0,0,0,0,0,0,0,0,0,0,0,0,n
792,0,0,0,0,0,125,125,0,0,0,0,0,0,0,0,0,0,0,0,0,0,0,0,0,0,0,0,0,0,0,n
793,0,0,0,133,133,0,0,0,0,0,0,0,0,0,0,0,0,0,0,0,0,0,0,0,0,0,0,0,0,0,n
794,0,0,0,0,0,133,133,0,0,0,0,0,0,0,0,0,0,0,0,0,0,0,0,0,0,0,0,0,0,0,n
795,0,0,0,0,0,133,133,0,0,0,0,0,0,0,0,0,0,0,0,0,0,0,0,0,0,0,0,0,0,0,n
796,0,0,0,142,142,0,0,0,0,0,0,0,0,0,0,0,0,0,0,0,0,0,0,0,0,0,0,0,0,0,n
797,0,0,0,0,0,142,142,0,0,0,0,0,0,0,0,0,0,0,0,0,0,0,0,0,0,0,0,0,0,0,n
798,0,0,0,0,0,142,142,0,0,0,0,0,0,0,0,0,0,0,0,0,0,0,0,0,0,0,0,0,0,0,n
799,0,0,0,150,150,0,0,0,0,0,0,0,0,0,0,0,0,0,0,0,0,0,0,0,0,0,0,0,0,0,n
800,0,3,0,1,1,0,0,0,0,0,0,0,0,0,0,0,0,0.05,0,3,0,200,0,0,0,0,0,0,0,0,n
801,0,5,0,0,0,1,1,0,0,0,0,0,0,0,0,0,0,0,0.02,0,1,0,0,0,0,0,0,0,0,0,n
802,0,5,0,0,0,1,1,0,0,0,0,0,0,0,0,0,0,0,0.02,0,1,0,0,0,0,0,0,0,0,0,n
803,0,0,0,2,2,0,0,0,0,0,0,0,0,0,0,0,0,0,0,0,0,0,0,0,0,0,0,0,0,0,e
804,0,0,0,0,0,2,2,0,0,0,0,0,0,0,0,0,0,0,0,0,0,0,0,0,0,0,0,0,0,0,e
805,0,0,0,0,0,2,2,0,0,0,0,0,0,0,0,0,0,0,0,0,0,0,0,0,0,0,0,0,0,0,e
806,0,0,0,3,3,0,0,0,0,0.15,0,0,0,0,0,0,0,0,0,0,0,0,0,0,0,0,0,0,0,0,f
807,0,0,0,0,0,3,3,0,0,0,0.05,0,0,0,0,0,0,0,0,0,0,0,0,0,0,0,0,0,0,0,f
808,0,0,0,0,0,3,3,0,0,0,0.05,0,0,0,0,0,0,0,0,0,0,0,0,0,0,0,0,0,0,0,f
809,0,0,0,4,4,0,0,0,0,0,0,0,0,0,0,0,0,0,0,0,0,0,0,0,0,0,0,0,0,0,a
810,0,0,0,0,0,4,4,0,0,0,0,0,0,0,0,0,0,0,0,0,0,0,0,0,0,0,0,0,0,0,a
811,0,0,0,0,0,4,4,0,0,0,0,0,0,0,0,0,0,0,0,0,0,0,0,0,0,0,0,0,0,0,a
812,0,0,0,5,5,0,0,0,0,0,0,0.1,0,100,0,0,0,0,0,0,0,0,0,0,0,0,0,0,0,0,w
813,0,0,0,0,0,5,5,0,0,0,0,0,0.05,0,0,0,0,0,0,0,0,0,0,0,0,0,0,0,0,0,w
814,0,0,0,0,0,5,5,0,0,0,0,0,0.05,0,0,0,0,0,0,0,0,0,0,0,0,0,0,0,0,0,w
815,0,0,0,6,6,0,0,0,0,0,0,0,0,0,0,0,0,0,0,0,0,0,0,0,0,0,0,0,0,0,p
816,0,0,0,0,0,6,6,0,0,0,0,0,0,0,0,0,0,0,0,0,0,0,0,0,0,0,0,0,0,0,p
817,0,0,0,0,0,6,6,0,0,0,0,0,0,0,0,0,0,0,0,0,0,0,0,0,0,0,0,0,0,0,p
818,0,0,0,7,7,0,0,0,0,0.1,0,0.1,0,150,0,0,0,0,0,0,0,0,0,0,0,0,0,0,-0.3,0,a
819,0,0,0,0,0,7,7,0,0,0,0.1,0,0.05,0,0,0,0,0,0,0,0,0,0,0,0,0,0,0,0.05,0,a
820,0,0,0,0,0,7,7,0,0,0,0.1,0,0.05,0,0,0,0,0,0,0,0,0,0,0,0,0,0,0,0.05,0,a
821,0,0,0,9,9,0,0,0,5,0,0,0,0,0,0,0,0,0,0,0,0,0,0,0,0,0,0,0,0,0,e
822,0,0,0,0,0,9,9,0,2,0,0,0,0,0,0,0,0,0,0,0,0,0,0,0,0,0,0,0,0,0,e
823,0,0,0,0,0,9,9,0,2,0,0,0,0,0,0,0,0,0,0,0,0,0,0,0,0,0,0,0,0,0,e
824,0,20,0,11,11,0,0,0,0,0,0,0,0,0,0,0,0,0,0,0,0,0,0,0,0,0,0,0,0,0,f
825,0,50,0,0,0,11,11,0,0,0,0,0,0,0,0,0,0,0,0,0,0,0,0,0,0,0,0,0,0,0,f
826,0,50,0,0,0,11,11,0,0,0,0,0,0,0,0,0,0,0,0,0,0,0,0,0,0,0,0,0,0,0,f
827,0,0,0,14,14,0,0,0,3,0,0,0.15,0,120,0,0,0,0,0,0,0,0,0,0,0,0,0,0,0,0,a
828,0,0,0,0,0,14,14,0,1,0,0,0,0.1,0,0,0,0,0,0,0,0,0,0,0,0,0,0,0,0,0,a
829,0,0,0,0,0,14,14,0,1,0,0,0,0.1,0,0,0,0,0,0,0,0,0,0,0,0,0,0,0,0,0,a
830,0,0,0,16,16,0,0,0,0,0,0,0,0,0,0,0,0,0,0,0,0,0,0,0,0,0,0,0,0,0,a
831,0,0,0,0,0,16,16,0,0,0,0,0,0,0,0,0,0,0,0,0,0,0,0,0,0,0,0,0,0,0,a
832,0,0,0,0,0,16,16,0,0,0,0,0,0,0,0,0,0,0,0,0,0,0,0,0,0,0,0,0,0,0,a
833,0,0,25,19,19,0,0,0,0,0,0,0,0,0,0,0,0,0,0,0,0,0,0,0,0,0,0,0.15,0,200,w
834,0,0,50,0,0,19,19,0,0,0,0,0,0,0,0,0,0,0,0,0,0,0,0,0,0,0,0,0,0.1,0,w
835,0,0,50,0,0,19,19,0,0,0,0,0,0,0,0,0,0,0,0,0,0,0,0,0,0,0,0,0,0.1,0,w
836,0,0,0,23,23,0,0,0,0,0.15,0,0,0,0,0,0,0,0.15,0,10,0,150,0,0,0,0,0,0,0,0,p
837,0,0,0,0,0,23,23,0,0,0,0.1,0,0,0,0,0,0,0,0.1,0,3,0,0,0,0,0,0,0,0,0,p
838,0,0,0,0,0,23,23,0,0,0,0.1,0,0,0,0,0,0,0,0.1,0,3,0,0,0,0,0,0,0,0,0,p
839,0,0,0,26,26,0,0,0,0,0,0,0,0,0,0,0,0,0,0,0,0,0,0.15,0,5,0,200,0,0,0,e
840,0,0,0,0,0,26,26,0,0,0,0,0,0,0,0,0,0,0,0,0,0,0,0,0.1,0,2,0,0,0,0,e
841,0,0,0,0,0,26,26,0,0,0,0,0,0,0,0,0,0,0,0,0,0,0,0,0.1,0,2,0,0,0,0,e
842,0,0,0,30,30,0,0,0,0,0,0,0,0,0,0,0,0,0,0,0,0,0,0.2,0,8,0,230,0,0,0,p
843,0,0,0,0,0,30,30,0,0,0,0,0,0,0,0,0,0,0,0,0,0,0,0,0.1,0,3,0,0,0,0,p
844,0,0,0,0,0,30,30,0,0,0,0,0,0,0,0,0,0,0,0,0,0,0,0,0.1,0,3,0,0,0,0,p
845,0,0,0,34,34,0,0,0,0,0,0,0.1,0,120,0.15,0,200,0,0,0,0,0,0,0,0,0,0,0,0,0,l
846,0,0,0,0,0,34,34,0,0,0,0,0,0.02,0,0,0.05,0,0,0,0,0,0,0,0,0,0,0,0,0,0,l
847,0,0,0,0,0,34,34,0,0,0,0,0,0.02,0,0,0.05,0,0,0,0,0,0,0,0,0,0,0,0,0,0,l
848,0,0,0,38,38,0,0,0,0,0,0,0.15,0,200,0,0,0,0,0,0,0,0,0,0,0,0,0,0,0,0,d
849,0,0,0,0,0,38,38,0,0,0,0,0,0.05,0,0,0,0,0,0,0,0,0,0,0,0,0,0,0,0,0,d
850,0,0,0,0,0,38,38,0,0,0,0,0,0.05,0,0,0,0,0,0,0,0,0,0,0,0,0,0,0,0,0,d
851,0,0,0,42,42,0,0,0,0,0,0,0.1,0,170,0,0,0,0,0,0,0,0,0,0,0,0,0,0.05,0,300,t
852,0,0,0,0,0,42,42,0,0,0,0,0,0.03,0,0,0,0,0,0,0,0,0,0,0,0,0,0,0,0.02,0,t
853,0,0,0,0,0,42,42,0,0,0,0,0,0.03,0,0,0,0,0,0,0,0,0,0,0,0,0,0,0,0.02,0,t
854,0,0,0,47,47,0,0,0,0,0.15,0,0,0,0,0.1,0,150,0.15,0,15,0,200,0,0,0,0,0,0,0,0,a
855,0,0,0,0,0,47,47,0,0,0,0.05,0,0,0,0,0.02,0,0,0.05,0,5,0,0,0,0,0,0,0,0,0,a
856,0,0,0,0,0,47,47,0,0,0,0.05,0,0,0,0,0.02,0,0,0.05,0,5,0,0,0,0,0,0,0,0,0,a
857,0,0,0,52,52,0,0,0,0,0,0,0,0,0,0,0,0,0.12,0,12,0,200,0.12,0,12,0,200,0,0,0,e
858,0,0,0,0,0,52,52,0,0,0,0,0,0,0,0,0,0,0,0.05,0,3,0,0,0.05,0,3,0,0,0,0,e
859,0,0,0,0,0,52,52,0,0,0,0,0,0,0,0,0,0,0,0.05,0,3,0,0,0.05,0,3,0,0,0,0,e
860,0,0,0,58,58,0,0,0,0,0,0,0,0,0,0.2,0,120,0,0,0,0,0,0,0,0,0,0,0,0,0,e
861,0,0,0,0,0,58,58,0,0,0,0,0,0,0,0,0.1,0,0,0,0,0,0,0,0,0,0,0,0,0,0,e
862,0,0,0,0,0,58,58,0,0,0,0,0,0,0,0,0.1,0,0,0,0,0,0,0,0,0,0,0,0,0,0,e
863,0,0,0,63,63,0,0,0,0,0.2,0,0,0,0,0,0,0,0.05,0,20,0,200,0,0,0,0,0,0,0,0,l
864,0,0,0,0,0,63,63,0,0,0,0.1,0,0,0,0,0,0,0,0.1,0,5,0,0,0,0,0,0,0,0,0,l
865,0,0,0,0,0,63,63,0,0,0,0.1,0,0,0,0,0,0,0,0.1,0,5,0,0,0,0,0,0,0,0,0,l
866,0,0,0,69,69,0,0,0,0,0.15,0,0,0,0,0,0,0,0.1,0,20,0,120,0,0,0,0,0,0,0,0,p
867,0,0,0,0,0,69,69,0,0,0,0.1,0,0,0,0,0,0,0,0.2,0,2,0,0,0,0,0,0,0,0,0,p
868,0,0,0,0,0,69,69,0,0,0,0.1,0,0,0,0,0,0,0,0.2,0,2,0,0,0,0,0,0,0,0,0,p
869,0,0,0,75,75,0,0,0,0,0,0,0,0,0,0,0,0,0.15,0,25,0,250,0,0,0,0,0,0,0,0,w
870,0,0,0,0,0,75,75,0,0,0,0,0,0,0,0,0,0,0,0.15,0,5,0,0,0,0,0,0,0,0,0,w
871,0,0,0,0,0,75,75,0,0,0,0,0,0,0,0,0,0,0,0.15,0,5,0,0,0,0,0,0,0,0,0,w
872,0,0,0,82,82,0,0,20,20,0,0,0,0,0,0,0,0,0,0,0,0,0,0,0,0,0,0,0,0,0,n
873,0,0,0,0,0,82,82,10,10,0,0,0,0,0,0,0,0,0,0,0,0,0,0,0,0,0,0,0,0,0,n
874,0,0,0,0,0,82,82,10,10,0,0,0,0,0,0,0,0,0,0,0,0,0,0,0,0,0,0,0,0,0,n
875,0,0,0,88,88,0,0,0,0,0,0,0,0,0,0,0,0,0,0,0,0,0,0,0,0,0,0,0,0,0,a
876,0,0,0,0,0,88,88,0,0,0,0,0,0,0,0,0,0,0,0,0,0,0,0,0,0,0,0,0,0,0,a
877,0,0,0,0,0,88,88,0,0,0,0,0,0,0,0,0,0,0,0,0,0,0,0,0,0,0,0,0,0,0,a
878,0,0,0,95,95,0,0,0,0,0,0,0.2,0,200,0,0,0,0,0,0,0,0,0,0,0,0,0,0,0,0,e
879,0,0,0,0,0,95,95,0,0,0,0,0,0.15,0,0,0,0,0,0,0,0,0,0,0,0,0,0,0,0,0,e
880,0,0,0,0,0,95,95,0,0,0,0,0,0.1,0,0,0,0,0,0,0,0,0,0,0,0,0,0,0,0,0,e
881,0,0,0,102,102,0,0,0,0,0.2,0,0,0,0,0,0,0,0.3,0,15,0,250,0,0,0,0,0,0,0,0,f
882,0,0,0,0,0,102,102,0,0,0,0.05,0,0,0,0,0,0,0,0.13,0,5,0,0,0,0,0,0,0,0,0,f
883,0,0,0,0,0,102,102,0,0,0,0.1,0,0,0,0,0,0,0,0.13,0,5,0,0,0,0,0,0,0,0,0,f
884,0,0,0,110,110,0,0,50,0,0,0,0.15,0,150,0,0,0,0,0,0,0,0,0,0,0,0,0,0.15,0,250,f
885,0,0,0,0,0,110,110,15,0,0,0,0,0.05,0,0,0,0,0,0,0,0,0,0,0,0,0,0,0,0.05,0,f
886,0,0,0,0,0,110,110,15,0,0,0,0,0.05,0,0,0,0,0,0,0,0,0,0,0,0,0,0,0,0.05,0,f
887,0,150,0,117,117,0,0,0,0,0.15,0,0,0,0,0,0,0,0.15,0,25,0,250,0,0,0,0,0,0,0,0,f
888,0,50,0,0,0,117,117,0,0,0,0.05,0,0,0,0,0,0,0,0.1,0,15,0,0,0,0,0,0,0,0,0,f
889,0,50,0,0,0,117,117,0,0,0,0.1,0,0,0,0,0,0,0,0.05,0,10,0,0,0,0,0,0,0,0,0,f
890,0,0,0,125,125,0,0,0,0,0,0,0.3,0,130,0.2,0,100,0,0,0,0,0,0,0,0,0,0,0,0,0,s
891,0,0,0,0,0,125,125,0,0,0,0,0,0.1,0,0,0.13,0,0,0,0,0,0,0,0,0,0,0,0,0,0,s
892,0,0,0,0,0,125,125,0,0,0,0,0,0.1,0,0,0.13,0,0,0,0,0,0,0,0,0,0,0,0,0,0,s
893,0,0,0,133,133,0,0,0,0,0,0,0.23,0,150,0,0,0,0,0,0,0,0,0,0,0,0,0,0,0,0,s
894,0,0,0,0,0,133,133,0,0,0,0,0,0.13,0,0,0,0,0,0,0,0,0,0,0,0,0,0,0,0,0,s
895,0,0,0,0,0,133,133,0,0,0,0,0,0.13,0,0,0,0,0,0,0,0,0,0,0,0,0,0,0,0,0,s
896,0,0,150,142,142,0,0,0,0,0,0,0,0,0,0,0,0,0,0,0,0,0,0,0,0,0,0,0.3,0,200,l
897,0,0,50,0,0,142,142,0,0,0,0,0,0,0,0,0,0,0,0,0,0,0,0,0,0,0,0,0,0.13,0,l
898,0,0,50,0,0,142,142,0,0,0,0,0,0,0,0,0,0,0,0,0,0,0,0,0,0,0,0,0,0.13,0,l
899,0,500,500,150,150,0,0,50,50,0.15,0.1,0.1,0.05,150,0.15,0.13,0.13,0.15,0.15,15,15,150,0.2,0.15,20,12,120,0.2,0.1,200,n
900,0,0,0,1,1,0,0,0,0,0,0,0,0,0,0,0,0,0,0,0,0,0,0,0,0,0,0,0,0,0,n
901,0,0,0,0,0,1,1,0,0,0,0,0,0,0,0,0,0,0,0,0,0,0,0,0,0,0,0,0,0,0,n
902,0,10,0,0,0,1,1,0,0,0,0,0,0,0,0,0,0,0,0,0,0,0,0,0,0,0,0,0,0,0,n
903,0,0,0,2,2,0,0,0,0,0,0,0,0,0,0,0,0,0,0,0,0,0,0,0,0,0,0,0,0,0,n
904,0,0,0,0,0,2,2,0,0,0,0,0,0,0,0,0,0,0,0,0,0,0,0,0,0,0,0,0,0,0,n
905,0,20,0,0,0,2,2,0,0,0,0,0,0,0,0,0,0,0,0,0,0,0,0,0,0,0,0,0,0,0,n
906,0,0,0,3,3,0,0,0,0,0,0,0,0,0,0,0,0,0,0,0,0,0,0,0,0,0,0,0,0,0,n
907,0,0,0,0,0,3,3,0,0,0,0,0,0,0,0,0,0,0,0,0,0,0,0,0,0,0,0,0,0,0,n
908,0,30,0,0,0,3,3,0,0,0,0,0,0,0,0,0,0,0,0,0,0,0,0,0,0,0,0,0,0,0,n
909,0,0,0,4,4,0,0,0,0,0,0,0,0,0,0,0,0,0,0,0,0,0,0,0,0,0,0,0,0,0,n
910,0,0,0,0,0,4,4,0,0,0,0,0,0,0,0,0,0,0,0,0,0,0,0,0,0,0,0,0,0,0,n
911,0,40,0,0,0,4,4,0,0,0,0,0,0,0,0,0,0,0,0,0,0,0,0,0,0,0,0,0,0,0,n
912,0,0,0,5,5,0,0,0,0,0,0,0,0,0,0,0,0,0,0,0,0,0,0,0,0,0,0,0,0,0,n
913,0,0,0,0,0,5,5,0,0,0,0,0,0,0,0,0,0,0,0,0,0,0,0,0,0,0,0,0,0,0,n
914,0,50,0,0,0,5,5,0,0,0,0,0,0,0,0,0,0,0,0,0,0,0,0,0,0,0,0,0,0,0,n
915,0,0,0,6,6,0,0,0,0,0,0,0,0,0,0,0,0,0,0,0,0,0,0,0,0,0,0,0,0,0,n
916,0,0,0,0,0,6,6,0,0,0,0,0,0,0,0,0,0,0,0,0,0,0,0,0,0,0,0,0,0,0,n
917,0,60,0,0,0,6,6,0,0,0,0,0,0,0,0,0,0,0,0,0,0,0,0,0,0,0,0,0,0,0,n
918,0,0,0,7,7,0,0,0,0,0,0,0,0,0,0,0,0,0,0,0,0,0,0,0,0,0,0,0,0,0,n
919,0,0,0,0,0,7,7,0,0,0,0,0,0,0,0,0,0,0,0,0,0,0,0,0,0,0,0,0,0,0,n
920,0,70,0,0,0,7,7,0,0,0,0,0,0,0,0,0,0,0,0,0,0,0,0,0,0,0,0,0,0,0,n
921,0,0,0,9,9,0,0,0,0,0,0,0,0,0,0,0,0,0,0,0,0,0,0,0,0,0,0,0,0,0,n
922,0,0,0,0,0,9,9,0,0,0,0,0,0,0,0,0,0,0,0,0,0,0,0,0,0,0,0,0,0,0,n
923,0,80,0,0,0,9,9,0,0,0,0,0,0,0,0,0,0,0,0,0,0,0,0,0,0,0,0,0,0,0,n
924,0,0,0,11,11,0,0,0,0,0,0,0,0,0,0,0,0,0,0,0,0,0,0,0,0,0,0,0,0,0,n
925,0,0,0,0,0,11,11,0,0,0,0,0,0,0,0,0,0,0,0,0,0,0,0,0,0,0,0,0,0,0,n
926,0,90,0,0,0,11,11,0,0,0,0,0,0,0,0,0,0,0,0,0,0,0,0,0,0,0,0,0,0,0,n
927,0,0,0,14,14,0,0,0,0,0,0,0,0,0,0,0,0,0,0,0,0,0,0,0,0,0,0,0,0,0,n
928,0,0,0,0,0,14,14,0,0,0,0,0,0,0,0,0,0,0,0,0,0,0,0,0,0,0,0,0,0,0,n
929,0,100,0,0,0,14,14,0,0,0,0,0,0,0,0,0,0,0,0,0,0,0,0,0,0,0,0,0,0,0,n
930,0,0,0,16,16,0,0,0,0,0,0,0,0,0,0,0,0,0,0,0,0,0,0,0,0,0,0,0,0,0,n
931,0,0,0,0,0,16,16,0,0,0,0,0,0,0,0,0,0,0,0,0,0,0,0,0,0,0,0,0,0,0,n
932,0,110,0,0,0,16,16,0,0,0,0,0,0,0,0,0,0,0,0,0,0,0,0,0,0,0,0,0,0,0,n
933,0,0,0,19,19,0,0,0,0,0,0,0,0,0,0,0,0,0,0,0,0,0,0,0,0,0,0,0,0,0,n
934,0,0,0,0,0,19,19,0,0,0,0,0,0,0,0,0,0,0,0,0,0,0,0,0,0,0,0,0,0,0,n
935,0,120,0,0,0,19,19,0,0,0,0,0,0,0,0,0,0,0,0,0,0,0,0,0,0,0,0,0,0,0,n
936,0,0,0,23,23,0,0,0,0,0,0,0,0,0,0,0,0,0,0,0,0,0,0,0,0,0,0,0,0,0,n
937,0,0,0,0,0,23,23,0,0,0,0,0,0,0,0,0,0,0,0,0,0,0,0,0,0,0,0,0,0,0,n
938,0,130,0,0,0,23,23,0,0,0,0,0,0,0,0,0,0,0,0,0,0,0,0,0,0,0,0,0,0,0,n
939,0,0,0,26,26,0,0,0,0,0,0,0,0,0,0,0,0,0,0,0,0,0,0,0,0,0,0,0,0,0,n
940,0,0,0,0,0,26,26,0,0,0,0,0,0,0,0,0,0,0,0,0,0,0,0,0,0,0,0,0,0,0,n
941,0,140,0,0,0,26,26,0,0,0,0,0,0,0,0,0,0,0,0,0,0,0,0,0,0,0,0,0,0,0,n
942,0,0,0,30,30,0,0,0,0,0,0,0,0,0,0,0,0,0,0,0,0,0,0,0,0,0,0,0,0,0,n
943,0,0,0,0,0,30,30,0,0,0,0,0,0,0,0,0,0,0,0,0,0,0,0,0,0,0,0,0,0,0,n
944,0,150,0,0,0,30,30,0,0,0,0,0,0,0,0,0,0,0,0,0,0,0,0,0,0,0,0,0,0,0,n
945,0,0,0,34,34,0,0,0,0,0,0,0,0,0,0,0,0,0,0,0,0,0,0,0,0,0,0,0,0,0,n
946,0,0,0,0,0,34,34,0,0,0,0,0,0,0,0,0,0,0,0,0,0,0,0,0,0,0,0,0,0,0,n
947,0,160,0,0,0,34,34,0,0,0,0,0,0,0,0,0,0,0,0,0,0,0,0,0,0,0,0,0,0,0,n
948,0,0,0,38,38,0,0,0,0,0,0,0,0,0,0,0,0,0,0,0,0,0,0,0,0,0,0,0,0,0,n
949,0,0,0,0,0,38,38,0,0,0,0,0,0,0,0,0,0,0,0,0,0,0,0,0,0,0,0,0,0,0,n
950,0,170,0,0,0,38,38,0,0,0,0,0,0,0,0,0,0,0,0,0,0,0,0,0,0,0,0,0,0,0,n
951,0,0,0,42,42,0,0,0,0,0,0,0,0,0,0,0,0,0,0,0,0,0,0,0,0,0,0,0,0,0,n
952,0,0,0,0,0,42,42,0,0,0,0,0,0,0,0,0,0,0,0,0,0,0,0,0,0,0,0,0,0,0,n
953,0,180,0,0,0,42,42,0,0,0,0,0,0,0,0,0,0,0,0,0,0,0,0,0,0,0,0,0,0,0,n
954,0,0,0,47,47,0,0,0,0,0,0,0,0,0,0,0,0,0,0,0,0,0,0,0,0,0,0,0,0,0,n
955,0,0,0,0,0,47,47,0,0,0,0,0,0,0,0,0,0,0,0,0,0,0,0,0,0,0,0,0,0,0,n
956,0,190,0,0,0,47,47,0,0,0,0,0,0,0,0,0,0,0,0,0,0,0,0,0,0,0,0,0,0,0,n
957,0,0,0,52,52,0,0,0,0,0,0,0,0,0,0,0,0,0,0,0,0,0,0,0,0,0,0,0,0,0,n
958,0,0,0,0,0,52,52,0,0,0,0,0,0,0,0,0,0,0,0,0,0,0,0,0,0,0,0,0,0,0,n
959,0,200,0,0,0,52,52,0,0,0,0,0,0,0,0,0,0,0,0,0,0,0,0,0,0,0,0,0,0,0,n
960,0,0,0,58,58,0,0,0,0,0,0,0,0,0,0,0,0,0,0,0,0,0,0,0,0,0,0,0,0,0,n
961,0,0,0,0,0,58,58,0,0,0,0,0,0,0,0,0,0,0,0,0,0,0,0,0,0,0,0,0,0,0,n
962,0,210,0,0,0,58,58,0,0,0,0,0,0,0,0,0,0,0,0,0,0,0,0,0,0,0,0,0,0,0,n
963,0,0,0,63,63,0,0,0,0,0,0,0,0,0,0,0,0,0,0,0,0,0,0,0,0,0,0,0,0,0,n
964,0,0,0,0,0,63,63,0,0,0,0,0,0,0,0,0,0,0,0,0,0,0,0,0,0,0,0,0,0,0,n
965,0,220,0,0,0,63,63,0,0,0,0,0,0,0,0,0,0,0,0,0,0,0,0,0,0,0,0,0,0,0,n
966,0,0,0,69,69,0,0,0,0,0,0,0,0,0,0,0,0,0,0,0,0,0,0,0,0,0,0,0,0,0,n
967,0,0,0,0,0,69,69,0,0,0,0,0,0,0,0,0,0,0,0,0,0,0,0,0,0,0,0,0,0,0,n
968,0,230,0,0,0,69,69,0,0,0,0,0,0,0,0,0,0,0,0,0,0,0,0,0,0,0,0,0,0,0,n
969,0,0,0,75,75,0,0,0,0,0,0,0,0,0,0,0,0,0,0,0,0,0,0,0,0,0,0,0,0,0,n
970,0,0,0,0,0,75,75,0,0,0,0,0,0,0,0,0,0,0,0,0,0,0,0,0,0,0,0,0,0,0,n
971,0,240,0,0,0,75,75,0,0,0,0,0,0,0,0,0,0,0,0,0,0,0,0,0,0,0,0,0,0,0,n
972,0,0,0,82,82,0,0,0,0,0,0,0,0,0,0,0,0,0,0,0,0,0,0,0,0,0,0,0,0,0,n
973,0,0,0,0,0,82,82,0,0,0,0,0,0,0,0,0,0,0,0,0,0,0,0,0,0,0,0,0,0,0,n
974,0,250,0,0,0,82,82,0,0,0,0,0,0,0,0,0,0,0,0,0,0,0,0,0,0,0,0,0,0,0,n
975,0,0,0,88,88,0,0,0,0,0,0,0,0,0,0,0,0,0,0,0,0,0,0,0,0,0,0,0,0,0,n
976,0,0,0,0,0,88,88,0,0,0,0,0,0,0,0,0,0,0,0,0,0,0,0,0,0,0,0,0,0,0,n
977,0,260,0,0,0,88,88,0,0,0,0,0,0,0,0,0,0,0,0,0,0,0,0,0,0,0,0,0,0,0,n
978,0,0,0,95,95,0,0,0,0,0,0,0,0,0,0,0,0,0,0,0,0,0,0,0,0,0,0,0,0,0,n
979,0,0,0,0,0,95,95,0,0,0,0,0,0,0,0,0,0,0,0,0,0,0,0,0,0,0,0,0,0,0,n
980,0,270,0,0,0,95,95,0,0,0,0,0,0,0,0,0,0,0,0,0,0,0,0,0,0,0,0,0,0,0,n
981,0,0,0,102,102,0,0,0,0,0,0,0,0,0,0,0,0,0,0,0,0,0,0,0,0,0,0,0,0,0,n
982,0,0,0,0,0,102,102,0,0,0,0,0,0,0,0,0,0,0,0,0,0,0,0,0,0,0,0,0,0,0,n
983,0,280,0,0,0,102,102,0,0,0,0,0,0,0,0,0,0,0,0,0,0,0,0,0,0,0,0,0,0,0,n
984,0,0,0,110,110,0,0,0,0,0,0,0,0,0,0,0,0,0,0,0,0,0,0,0,0,0,0,0,0,0,n
985,0,0,0,0,0,110,110,0,0,0,0,0,0,0,0,0,0,0,0,0,0,0,0,0,0,0,0,0,0,0,n
986,0,290,0,0,0,110,110,0,0,0,0,0,0,0,0,0,0,0,0,0,0,0,0,0,0,0,0,0,0,0,n
987,0,0,0,117,117,0,0,0,0,0,0,0,0,0,0,0,0,0,0,0,0,0,0,0,0,0,0,0,0,0,n
988,0,0,0,0,0,117,117,0,0,0,0,0,0,0,0,0,0,0,0,0,0,0,0,0,0,0,0,0,0,0,n
989,0,300,0,0,0,117,117,0,0,0,0,0,0,0,0,0,0,0,0,0,0,0,0,0,0,0,0,0,0,0,n
990,0,0,0,125,125,0,0,0,0,0,0,0,0,0,0,0,0,0,0,0,0,0,0,0,0,0,0,0,0,0,n
991,0,0,0,0,0,125,125,0,0,0,0,0,0,0,0,0,0,0,0,0,0,0,0,0,0,0,0,0,0,0,n
992,0,310,0,0,0,125,125,0,0,0,0,0,0,0,0,0,0,0,0,0,0,0,0,0,0,0,0,0,0,0,n
993,0,0,0,133,133,0,0,0,0,0,0,0,0,0,0,0,0,0,0,0,0,0,0,0,0,0,0,0,0,0,n
994,0,0,0,0,0,133,133,0,0,0,0,0,0,0,0,0,0,0,0,0,0,0,0,0,0,0,0,0,0,0,n
995,0,320,0,0,0,133,133,0,0,0,0,0,0,0,0,0,0,0,0,0,0,0,0,0,0,0,0,0,0,0,n
996,0,0,0,142,142,0,0,0,0,0,0,0,0,0,0,0,0,0,0,0,0,0,0,0,0,0,0,0,0,0,n
997,0,0,0,0,0,142,142,0,0,0,0,0,0,0,0,0,0,0,0,0,0,0,0,0,0,0,0,0,0,0,n
998,0,330,0,0,0,142,142,0,0,0,0,0,0,0,0,0,0,0,0,0,0,0,0,0,0,0,0,0,0,0,n
999,0,3,0,150,150,0,0,0,0,0,0,0,0,0,0,0,0,0,0,0,0,0,0,0,0,0,0,0,0,0,n
1000,0,5,0,0,1,0,0,0,0,0,0,0,0,0,0,0,0,0.1,0,6,0,400,0,0,0,0,0,0,0,0,n
1001,0,15,0,0,0,1,1,0,0,0,0,0,0,0,0,0,0,0,0.04,0,2,0,0,0,0,0,0,0,0,0,n
1002,0,0,0,0,0,1,1,0,0,0,0,0,0,0,0,0,0,0,0.04,0,2,0,0,0,0,0,0,0,0,0,n
1003,0,0,0,0,2,0,0,0,0,0,0,0,0,0,0,0,0,0,0,0,0,0,0,0,0,0,0,0,0,0,e
1004,0,20,0,0,0,2,2,0,0,0,0,0,0,0,0,0,0,0,0,0,0,0,0,0,0,0,0,0,0,0,e
1005,0,0,0,0,0,2,2,0,0,0,0,0,0,0,0,0,0,0,0,0,0,0,0,0,0,0,0,0,0,0,e
1006,0,0,0,0,3,0,0,0,0,0.3,0,0,0,0,0,0,0,0,0,0,0,0,0,0,0,0,0,0,0,0,f
1007,0,30,0,0,0,3,3,0,0,0,0.1,0,0,0,0,0,0,0,0,0,0,0,0,0,0,0,0,0,0,0,f
1008,0,0,0,0,0,3,3,0,0,0,0.1,0,0,0,0,0,0,0,0,0,0,0,0,0,0,0,0,0,0,0,f
1009,0,0,0,0,4,0,0,0,0,0,0,0,0,0,0,0,0,0,0,0,0,0,0,0,0,0,0,0,0,0,a
1010,0,40,0,0,0,4,4,0,0,0,0,0,0,0,0,0,0,0,0,0,0,0,0,0,0,0,0,0,0,0,a
1011,0,0,0,0,0,4,4,0,0,0,0,0,0,0,0,0,0,0,0,0,0,0,0,0,0,0,0,0,0,0,a
1012,0,0,0,0,5,0,0,0,0,0,0,0.2,0,200,0,0,0,0,0,0,0,0,0,0,0,0,0,0,0,0,w
1013,0,50,0,0,0,5,5,0,0,0,0,0,0.1,0,0,0,0,0,0,0,0,0,0,0,0,0,0,0,0,0,w
1014,0,0,0,0,0,5,5,0,0,0,0,0,0.1,0,0,0,0,0,0,0,0,0,0,0,0,0,0,0,0,0,w
1015,0,0,0,0,6,0,0,0,0,0,0,0,0,0,0,0,0,0,0,0,0,0,0,0,0,0,0,0,0,0,p
1016,0,60,0,0,0,6,6,0,0,0,0,0,0,0,0,0,0,0,0,0,0,0,0,0,0,0,0,0,0,0,p
1017,0,0,0,0,0,6,6,0,0,0,0,0,0,0,0,0,0,0,0,0,0,0,0,0,0,0,0,0,0,0,p
1018,0,0,0,0,7,0,0,0,0,0.2,0,0.2,0,300,0,0,0,0,0,0,0,0,0,0,0,0,0,0,-0.6,0,a
1019,0,70,0,0,0,7,7,0,0,0,0.2,0,0.1,0,0,0,0,0,0,0,0,0,0,0,0,0,0,0,0.1,0,a
1020,0,0,0,0,0,7,7,0,0,0,0.2,0,0.1,0,0,0,0,0,0,0,0,0,0,0,0,0,0,0,0.1,0,a
1021,0,0,0,0,9,0,0,0,10,0,0,0,0,0,0,0,0,0,0,0,0,0,0,0,0,0,0,0,0,0,e
1022,0,80,0,0,0,9,9,0,4,0,0,0,0,0,0,0,0,0,0,0,0,0,0,0,0,0,0,0,0,0,e
1023,0,20,0,0,0,9,9,0,4,0,0,0,0,0,0,0,0,0,0,0,0,0,0,0,0,0,0,0,0,0,e
1024,0,50,0,0,11,0,0,0,0,0,0,0,0,0,0,0,0,0,0,0,0,0,0,0,0,0,0,0,0,0,f
1025,0,140,0,0,0,11,11,0,0,0,0,0,0,0,0,0,0,0,0,0,0,0,0,0,0,0,0,0,0,0,f
1026,0,0,0,0,0,11,11,0,0,0,0,0,0,0,0,0,0,0,0,0,0,0,0,0,0,0,0,0,0,0,f
1027,0,0,0,0,14,0,0,0,6,0,0,0.3,0,240,0,0,0,0,0,0,0,0,0,0,0,0,0,0,0,0,a
1028,0,100,0,0,0,14,14,0,2,0,0,0,0.2,0,0,0,0,0,0,0,0,0,0,0,0,0,0,0,0,0,a
1029,0,0,0,0,0,14,14,0,2,0,0,0,0.2,0,0,0,0,0,0,0,0,0,0,0,0,0,0,0,0,0,a
1030,0,0,0,0,16,0,0,0,0,0,0,0,0,0,0,0,0,0,0,0,0,0,0,0,0,0,0,0,0,0,a
1031,0,110,0,0,0,16,16,0,0,0,0,0,0,0,0,0,0,0,0,0,0,0,0,0,0,0,0,0,0,0,a
1032,0,0,25,0,0,16,16,0,0,0,0,0,0,0,0,0,0,0,0,0,0,0,0,0,0,0,0,0,0,0,a
1033,0,0,50,0,19,0,0,0,0,0,0,0,0,0,0,0,0,0,0,0,0,0,0,0,0,0,0,0.3,0,400,w
1034,0,120,50,0,0,19,19,0,0,0,0,0,0,0,0,0,0,0,0,0,0,0,0,0,0,0,0,0,0.2,0,w
1035,0,0,0,0,0,19,19,0,0,0,0,0,0,0,0,0,0,0,0,0,0,0,0,0,0,0,0,0,0.2,0,w
1036,0,0,0,0,23,0,0,0,0,0.3,0,0,0,0,0,0,0,0.3,0,20,0,300,0,0,0,0,0,0,0,0,p
1037,0,130,0,0,0,23,23,0,0,0,0.2,0,0,0,0,0,0,0,0.2,0,6,0,0,0,0,0,0,0,0,0,p
1038,0,0,0,0,0,23,23,0,0,0,0.2,0,0,0,0,0,0,0,0.2,0,6,0,0,0,0,0,0,0,0,0,p
1039,0,0,0,0,26,0,0,0,0,0,0,0,0,0,0,0,0,0,0,0,0,0,0.3,0,10,0,400,0,0,0,e
1040,0,140,0,0,0,26,26,0,0,0,0,0,0,0,0,0,0,0,0,0,0,0,0,0.2,0,4,0,0,0,0,e
1041,0,0,0,0,0,26,26,0,0,0,0,0,0,0,0,0,0,0,0,0,0,0,0,0.2,0,4,0,0,0,0,e
1042,0,0,0,0,30,0,0,0,0,0,0,0,0,0,0,0,0,0,0,0,0,0,0.4,0,16,0,460,0,0,0,p
1043,0,150,0,0,0,30,30,0,0,0,0,0,0,0,0,0,0,0,0,0,0,0,0,0.2,0,6,0,0,0,0,p
1044,0,0,0,0,0,30,30,0,0,0,0,0,0,0,0,0,0,0,0,0,0,0,0,0.2,0,6,0,0,0,0,p
1045,0,0,0,0,34,0,0,0,0,0,0,0.2,0,240,0.3,0,400,0,0,0,0,0,0,0,0,0,0,0,0,0,l
1046,0,160,0,0,0,34,34,0,0,0,0,0,0.04,0,0,0.1,0,0,0,0,0,0,0,0,0,0,0,0,0,0,l
1047,0,0,0,0,0,34,34,0,0,0,0,0,0.04,0,0,0.1,0,0,0,0,0,0,0,0,0,0,0,0,0,0,l
1048,0,0,0,0,38,0,0,0,0,0,0,0.3,0,400,0,0,0,0,0,0,0,0,0,0,0,0,0,0,0,0,d
1049,0,170,0,0,0,38,38,0,0,0,0,0,0.1,0,0,0,0,0,0,0,0,0,0,0,0,0,0,0,0,0,d
1050,0,0,0,0,0,38,38,0,0,0,0,0,0.1,0,0,0,0,0,0,0,0,0,0,0,0,0,0,0,0,0,d
1051,0,0,0,0,42,0,0,0,0,0,0,0.2,0,340,0,0,0,0,0,0,0,0,0,0,0,0,0,0.1,0,600,t
1052,0,180,0,0,0,42,42,0,0,0,0,0,0.06,0,0,0,0,0,0,0,0,0,0,0,0,0,0,0,0.04,0,t
1053,0,0,0,0,0,42,42,0,0,0,0,0,0.06,0,0,0,0,0,0,0,0,0,0,0,0,0,0,0,0.04,0,t
1054,0,0,0,0,47,0,0,0,0,0.3,0,0,0,0,0.2,0,300,0.3,0,30,0,400,0,0,0,0,0,0,0,0,a
1055,0,190,0,0,0,47,47,0,0,0,0.1,0,0,0,0,0.04,0,0,0.1,0,10,0,0,0,0,0,0,0,0,0,a
1056,0,0,0,0,0,47,47,0,0,0,0.1,0,0,0,0,0.04,0,0,0.1,0,10,0,0,0,0,0,0,0,0,0,a
1057,0,0,0,0,52,0,0,0,0,0,0,0,0,0,0,0,0,0.24,0,24,0,400,0.24,0,24,0,400,0,0,0,e
1058,0,200,0,0,0,52,52,0,0,0,0,0,0,0,0,0,0,0,0.1,0,6,0,0,0.1,0,6,0,0,0,0,e
1059,0,0,0,0,0,52,52,0,0,0,0,0,0,0,0,0,0,0,0.1,0,6,0,0,0.1,0,6,0,0,0,0,e
1060,0,0,0,0,58,0,0,0,0,0,0,0,0,0,0.4,0,240,0,0,0,0,0,0,0,0,0,0,0,0,0,e
1061,0,210,0,0,0,58,58,0,0,0,0,0,0,0,0,0.2,0,0,0,0,0,0,0,0,0,0,0,0,0,0,e
1062,0,0,0,0,0,58,58,0,0,0,0,0,0,0,0,0.2,0,0,0,0,0,0,0,0,0,0,0,0,0,0,e
1063,0,0,0,0,63,0,0,0,0,0.4,0,0,0,0,0,0,0,0.1,0,40,0,400,0,0,0,0,0,0,0,0,l
1064,0,220,0,0,0,63,63,0,0,0,0.2,0,0,0,0,0,0,0,0.2,0,10,0,0,0,0,0,0,0,0,0,l
1065,0,0,0,0,0,63,63,0,0,0,0.2,0,0,0,0,0,0,0,0.2,0,10,0,0,0,0,0,0,0,0,0,l
1066,0,0,0,0,69,0,0,0,0,0.3,0,0,0,0,0,0,0,0.2,0,40,0,240,0,0,0,0,0,0,0,0,p
1067,0,230,0,0,0,69,69,0,0,0,0.2,0,0,0,0,0,0,0,0.4,0,4,0,0,0,0,0,0,0,0,0,p
1068,0,0,0,0,0,69,69,0,0,0,0.2,0,0,0,0,0,0,0,0.4,0,4,0,0,0,0,0,0,0,0,0,p
1069,0,0,0,0,75,0,0,0,0,0,0,0,0,0,0,0,0,0.3,0,50,0,500,0,0,0,0,0,0,0,0,w
1070,0,240,0,0,0,75,75,0,0,0,0,0,0,0,0,0,0,0,0.3,0,10,0,0,0,0,0,0,0,0,0,w
1071,0,0,0,0,0,75,75,0,0,0,0,0,0,0,0,0,0,0,0.3,0,10,0,0,0,0,0,0,0,0,0,w
1072,0,0,0,0,82,0,0,40,40,0,0,0,0,0,0,0,0,0,0,0,0,0,0,0,0,0,0,0,0,0,n
1073,0,250,0,0,0,82,82,20,20,0,0,0,0,0,0,0,0,0,0,0,0,0,0,0,0,0,0,0,0,0,n
1074,0,0,0,0,0,82,82,20,20,0,0,0,0,0,0,0,0,0,0,0,0,0,0,0,0,0,0,0,0,0,n
1075,0,0,0,0,88,0,0,0,0,0,0,0,0,0,0,0,0,0,0,0,0,0,0,0,0,0,0,0,0,0,a
1076,0,260,0,0,0,88,88,0,0,0,0,0,0,0,0,0,0,0,0,0,0,0,0,0,0,0,0,0,0,0,a
1077,0,0,0,0,0,88,88,0,0,0,0,0,0,0,0,0,0,0,0,0,0,0,0,0,0,0,0,0,0,0,a
1078,0,0,0,0,95,0,0,0,0,0,0,0.4,0,400,0,0,0,0,0,0,0,0,0,0,0,0,0,0,0,0,e
1079,0,270,0,0,0,95,95,0,0,0,0,0,0.3,0,0,0,0,0,0,0,0,0,0,0,0,0,0,0,0,0,e
1080,0,0,0,0,0,95,95,0,0,0,0,0,0.2,0,0,0,0,0,0,0,0,0,0,0,0,0,0,0,0,0,e
1081,0,0,0,0,102,0,0,0,0,0.4,0,0,0,0,0,0,0,0.6,0,30,0,500,0,0,0,0,0,0,0,0,f
1082,0,280,0,0,0,102,102,0,0,0,0.1,0,0,0,0,0,0,0,0.26,0,10,0,0,0,0,0,0,0,0,0,f
1083,0,0,0,0,0,102,102,0,0,0,0.2,0,0,0,0,0,0,0,0.26,0,10,0,0,0,0,0,0,0,0,0,f
1084,0,0,0,0,110,0,0,100,0,0,0,0.3,0,300,0,0,0,0,0,0,0,0,0,0,0,0,0,0.3,0,500,f
1085,0,290,0,0,0,110,110,30,0,0,0,0,0.1,0,0,0,0,0,0,0,0,0,0,0,0,0,0,0,0.1,0,f
1086,0,150,0,0,0,110,110,30,0,0,0,0,0.1,0,0,0,0,0,0,0,0,0,0,0,0,0,0,0,0.1,0,f
1087,0,50,0,0,117,0,0,0,0,0.3,0,0,0,0,0,0,0,0.3,0,50,0,500,0,0,0,0,0,0,0,0,f
1088,0,350,0,0,0,117,117,0,0,0,0.1,0,0,0,0,0,0,0,0.2,0,30,0,0,0,0,0,0,0,0,0,f
1089,0,0,0,0,0,117,117,0,0,0,0.2,0,0,0,0,0,0,0,0.1,0,20,0,0,0,0,0,0,0,0,0,f
1090,0,0,0,0,125,0,0,0,0,0,0,0.6,0,260,0.4,0,200,0,0,0,0,0,0,0,0,0,0,0,0,0,s
1091,0,310,0,0,0,125,125,0,0,0,0,0,0.2,0,0,0.26,0,0,0,0,0,0,0,0,0,0,0,0,0,0,s
1092,0,0,0,0,0,125,125,0,0,0,0,0,0.2,0,0,0.26,0,0,0,0,0,0,0,0,0,0,0,0,0,0,s
1093,0,0,0,0,133,0,0,0,0,0,0,0.46,0,300,0,0,0,0,0,0,0,0,0,0,0,0,0,0,0,0,s
1094,0,320,0,0,0,133,133,0,0,0,0,0,0.26,0,0,0,0,0,0,0,0,0,0,0,0,0,0,0,0,0,s
1095,0,0,150,0,0,133,133,0,0,0,0,0,0.26,0,0,0,0,0,0,0,0,0,0,0,0,0,0,0,0,0,s
1096,0,0,50,0,142,0,0,0,0,0,0,0,0,0,0,0,0,0,0,0,0,0,0,0,0,0,0,0.6,0,400,l
1097,0,330,50,0,0,142,142,0,0,0,0,0,0,0,0,0,0,0,0,0,0,0,0,0,0,0,0,0,0.26,0,l
1098,0,500,500,0,0,142,142,0,0,0,0,0,0,0,0,0,0,0,0,0,0,0,0,0,0,0,0,0,0.26,0,l
1099,0,0,0,0,150,0,0,100,100,0.3,0.2,0.2,0.1,300,0.3,0.26,0.26,0.3,0.3,30,30,300,0.4,0.3,40,24,240,0.4,0.2,400,n
1100,0,0,0,1,0,0,0,0,1,0,0,0,0,0,0,0,0,0,0,0,0,0,0,0,0,0,0,0,0,0,n
1101,0,0,0,0,0,1,1,0,0,0,0,0,0,0,0,0,0,0,0,0,0,0,0,0,0,0,0,0,0,0,n
1102,0,0,0,0,0,1,1,0,0,0,0,0,0,0,0,0,0,0,0,0,0,0,0,0,0,0,0,0,0,0,n
1103,0,0,0,2,0,0,0,0,2,0,0,0,0,0,0,0,0,0,0,0,0,0,0,0,0,0,0,0,0,0,n
1104,0,0,0,0,0,2,2,0,0,0,0,0,0,0,0,0,0,0,0,0,0,0,0,0,0,0,0,0,0,0,n
1105,0,0,0,0,0,2,2,0,0,0,0,0,0,0,0,0,0,0,0,0,0,0,0,0,0,0,0,0,0,0,n
1106,0,0,0,3,0,0,0,0,3,0,0,0,0,0,0,0,0,0,0,0,0,0,0,0,0,0,0,0,0,0,n
1107,0,0,0,0,0,3,3,0,0,0,0,0,0,0,0,0,0,0,0,0,0,0,0,0,0,0,0,0,0,0,n
1108,0,0,0,0,0,3,3,0,0,0,0,0,0,0,0,0,0,0,0,0,0,0,0,0,0,0,0,0,0,0,n
1109,0,0,0,4,0,0,0,0,4,0,0,0,0,0,0,0,0,0,0,0,0,0,0,0,0,0,0,0,0,0,n
1110,0,0,0,0,0,4,4,0,0,0,0,0,0,0,0,0,0,0,0,0,0,0,0,0,0,0,0,0,0,0,n
1111,0,0,0,0,0,4,4,0,0,0,0,0,0,0,0,0,0,0,0,0,0,0,0,0,0,0,0,0,0,0,n
1112,0,0,0,5,0,0,0,0,5,0,0,0,0,0,0,0,0,0,0,0,0,0,0,0,0,0,0,0,0,0,n
1113,0,0,0,0,0,5,5,0,0,0,0,0,0,0,0,0,0,0,0,0,0,0,0,0,0,0,0,0,0,0,n
1114,0,0,0,0,0,5,5,0,0,0,0,0,0,0,0,0,0,0,0,0,0,0,0,0,0,0,0,0,0,0,n
1115,0,0,0,6,0,0,0,0,6,0,0,0,0,0,0,0,0,0,0,0,0,0,0,0,0,0,0,0,0,0,n
1116,0,0,0,0,0,6,6,0,0,0,0,0,0,0,0,0,0,0,0,0,0,0,0,0,0,0,0,0,0,0,n
1117,0,0,0,0,0,6,6,0,0,0,0,0,0,0,0,0,0,0,0,0,0,0,0,0,0,0,0,0,0,0,n
1118,0,0,0,7,0,0,0,0,7,0,0,0,0,0,0,0,0,0,0,0,0,0,0,0,0,0,0,0,0,0,n
1119,0,0,0,0,0,7,7,0,0,0,0,0,0,0,0,0,0,0,0,0,0,0,0,0,0,0,0,0,0,0,n
1120,0,0,0,0,0,7,7,0,0,0,0,0,0,0,0,0,0,0,0,0,0,0,0,0,0,0,0,0,0,0,n
1121,0,0,0,9,0,0,0,0,8,0,0,0,0,0,0,0,0,0,0,0,0,0,0,0,0,0,0,0,0,0,n
1122,0,0,0,0,0,9,9,0,0,0,0,0,0,0,0,0,0,0,0,0,0,0,0,0,0,0,0,0,0,0,n
1123,0,0,0,0,0,9,9,0,0,0,0,0,0,0,0,0,0,0,0,0,0,0,0,0,0,0,0,0,0,0,n
1124,0,0,0,11,0,0,0,0,9,0,0,0,0,0,0,0,0,0,0,0,0,0,0,0,0,0,0,0,0,0,n
1125,0,0,0,0,0,11,11,0,0,0,0,0,0,0,0,0,0,0,0,0,0,0,0,0,0,0,0,0,0,0,n
1126,0,0,0,0,0,11,11,0,0,0,0,0,0,0,0,0,0,0,0,0,0,0,0,0,0,0,0,0,0,0,n
1127,0,0,0,14,0,0,0,0,10,0,0,0,0,0,0,0,0,0,0,0,0,0,0,0,0,0,0,0,0,0,n
1128,0,0,0,0,0,14,14,0,0,0,0,0,0,0,0,0,0,0,0,0,0,0,0,0,0,0,0,0,0,0,n
1129,0,0,0,0,0,14,14,0,0,0,0,0,0,0,0,0,0,0,0,0,0,0,0,0,0,0,0,0,0,0,n
1130,0,0,0,16,0,0,0,0,11,0,0,0,0,0,0,0,0,0,0,0,0,0,0,0,0,0,0,0,0,0,n
1131,0,0,0,0,0,16,16,0,0,0,0,0,0,0,0,0,0,0,0,0,0,0,0,0,0,0,0,0,0,0,n
1132,0,0,0,0,0,16,16,0,0,0,0,0,0,0,0,0,0,0,0,0,0,0,0,0,0,0,0,0,0,0,n
1133,0,0,0,19,0,0,0,0,12,0,0,0,0,0,0,0,0,0,0,0,0,0,0,0,0,0,0,0,0,0,n
1134,0,0,0,0,0,19,19,0,0,0,0,0,0,0,0,0,0,0,0,0,0,0,0,0,0,0,0,0,0,0,n
1135,0,0,0,0,0,19,19,0,0,0,0,0,0,0,0,0,0,0,0,0,0,0,0,0,0,0,0,0,0,0,n
1136,0,0,0,23,0,0,0,0,13,0,0,0,0,0,0,0,0,0,0,0,0,0,0,0,0,0,0,0,0,0,n
1137,0,0,0,0,0,23,23,0,0,0,0,0,0,0,0,0,0,0,0,0,0,0,0,0,0,0,0,0,0,0,n
1138,0,0,0,0,0,23,23,0,0,0,0,0,0,0,0,0,0,0,0,0,0,0,0,0,0,0,0,0,0,0,n
1139,0,0,0,26,0,0,0,0,14,0,0,0,0,0,0,0,0,0,0,0,0,0,0,0,0,0,0,0,0,0,n
1140,0,0,0,0,0,26,26,0,0,0,0,0,0,0,0,0,0,0,0,0,0,0,0,0,0,0,0,0,0,0,n
1141,0,0,0,0,0,26,26,0,0,0,0,0,0,0,0,0,0,0,0,0,0,0,0,0,0,0,0,0,0,0,n
1142,0,0,0,30,0,0,0,0,15,0,0,0,0,0,0,0,0,0,0,0,0,0,0,0,0,0,0,0,0,0,n
1143,0,0,0,0,0,30,30,0,0,0,0,0,0,0,0,0,0,0,0,0,0,0,0,0,0,0,0,0,0,0,n
1144,0,0,0,0,0,30,30,0,0,0,0,0,0,0,0,0,0,0,0,0,0,0,0,0,0,0,0,0,0,0,n
1145,0,0,0,34,0,0,0,0,16,0,0,0,0,0,0,0,0,0,0,0,0,0,0,0,0,0,0,0,0,0,n
1146,0,0,0,0,0,34,34,0,0,0,0,0,0,0,0,0,0,0,0,0,0,0,0,0,0,0,0,0,0,0,n
1147,0,0,0,0,0,34,34,0,0,0,0,0,0,0,0,0,0,0,0,0,0,0,0,0,0,0,0,0,0,0,n
1148,0,0,0,38,0,0,0,0,17,0,0,0,0,0,0,0,0,0,0,0,0,0,0,0,0,0,0,0,0,0,n
1149,0,0,0,0,0,38,38,0,0,0,0,0,0,0,0,0,0,0,0,0,0,0,0,0,0,0,0,0,0,0,n
1150,0,0,0,0,0,38,38,0,0,0,0,0,0,0,0,0,0,0,0,0,0,0,0,0,0,0,0,0,0,0,n
1151,0,0,0,42,0,0,0,0,18,0,0,0,0,0,0,0,0,0,0,0,0,0,0,0,0,0,0,0,0,0,n
1152,0,0,0,0,0,42,42,0,0,0,0,0,0,0,0,0,0,0,0,0,0,0,0,0,0,0,0,0,0,0,n
1153,0,0,0,0,0,42,42,0,0,0,0,0,0,0,0,0,0,0,0,0,0,0,0,0,0,0,0,0,0,0,n
1154,0,0,0,47,0,0,0,0,19,0,0,0,0,0,0,0,0,0,0,0,0,0,0,0,0,0,0,0,0,0,n
1155,0,0,0,0,0,47,47,0,0,0,0,0,0,0,0,0,0,0,0,0,0,0,0,0,0,0,0,0,0,0,n
1156,0,0,0,0,0,47,47,0,0,0,0,0,0,0,0,0,0,0,0,0,0,0,0,0,0,0,0,0,0,0,n
1157,0,0,0,52,0,0,0,0,20,0,0,0,0,0,0,0,0,0,0,0,0,0,0,0,0,0,0,0,0,0,n
1158,0,0,0,0,0,52,52,0,0,0,0,0,0,0,0,0,0,0,0,0,0,0,0,0,0,0,0,0,0,0,n
1159,0,0,0,0,0,52,52,0,0,0,0,0,0,0,0,0,0,0,0,0,0,0,0,0,0,0,0,0,0,0,n
1160,0,0,0,58,0,0,0,0,21,0,0,0,0,0,0,0,0,0,0,0,0,0,0,0,0,0,0,0,0,0,n
1161,0,0,0,0,0,58,58,0,0,0,0,0,0,0,0,0,0,0,0,0,0,0,0,0,0,0,0,0,0,0,n
1162,0,0,0,0,0,58,58,0,0,0,0,0,0,0,0,0,0,0,0,0,0,0,0,0,0,0,0,0,0,0,n
1163,0,0,0,63,0,0,0,0,22,0,0,0,0,0,0,0,0,0,0,0,0,0,0,0,0,0,0,0,0,0,n
1164,0,0,0,0,0,63,63,0,0,0,0,0,0,0,0,0,0,0,0,0,0,0,0,0,0,0,0,0,0,0,n
1165,0,0,0,0,0,63,63,0,0,0,0,0,0,0,0,0,0,0,0,0,0,0,0,0,0,0,0,0,0,0,n
1166,0,0,0,69,0,0,0,0,23,0,0,0,0,0,0,0,0,0,0,0,0,0,0,0,0,0,0,0,0,0,n
1167,0,0,0,0,0,69,69,0,0,0,0,0,0,0,0,0,0,0,0,0,0,0,0,0,0,0,0,0,0,0,n
1168,0,0,0,0,0,69,69,0,0,0,0,0,0,0,0,0,0,0,0,0,0,0,0,0,0,0,0,0,0,0,n
1169,0,0,0,75,0,0,0,0,24,0,0,0,0,0,0,0,0,0,0,0,0,0,0,0,0,0,0,0,0,0,n
1170,0,0,0,0,0,75,75,0,0,0,0,0,0,0,0,0,0,0,0,0,0,0,0,0,0,0,0,0,0,0,n
1171,0,0,0,0,0,75,75,0,0,0,0,0,0,0,0,0,0,0,0,0,0,0,0,0,0,0,0,0,0,0,n
1172,0,0,0,82,0,0,0,0,25,0,0,0,0,0,0,0,0,0,0,0,0,0,0,0,0,0,0,0,0,0,n
1173,0,0,0,0,0,82,82,0,0,0,0,0,0,0,0,0,0,0,0,0,0,0,0,0,0,0,0,0,0,0,n
1174,0,0,0,0,0,82,82,0,0,0,0,0,0,0,0,0,0,0,0,0,0,0,0,0,0,0,0,0,0,0,n
1175,0,0,0,88,0,0,0,0,26,0,0,0,0,0,0,0,0,0,0,0,0,0,0,0,0,0,0,0,0,0,n
1176,0,0,0,0,0,88,88,0,0,0,0,0,0,0,0,0,0,0,0,0,0,0,0,0,0,0,0,0,0,0,n
1177,0,0,0,0,0,88,88,0,0,0,0,0,0,0,0,0,0,0,0,0,0,0,0,0,0,0,0,0,0,0,n
1178,0,0,0,95,0,0,0,0,27,0,0,0,0,0,0,0,0,0,0,0,0,0,0,0,0,0,0,0,0,0,n
1179,0,0,0,0,0,95,95,0,0,0,0,0,0,0,0,0,0,0,0,0,0,0,0,0,0,0,0,0,0,0,n
1180,0,0,0,0,0,95,95,0,0,0,0,0,0,0,0,0,0,0,0,0,0,0,0,0,0,0,0,0,0,0,n
1181,0,0,0,102,0,0,0,0,28,0,0,0,0,0,0,0,0,0,0,0,0,0,0,0,0,0,0,0,0,0,n
1182,0,0,0,0,0,102,102,0,0,0,0,0,0,0,0,0,0,0,0,0,0,0,0,0,0,0,0,0,0,0,n
1183,0,0,0,0,0,102,102,0,0,0,0,0,0,0,0,0,0,0,0,0,0,0,0,0,0,0,0,0,0,0,n
1184,0,0,0,110,0,0,0,0,29,0,0,0,0,0,0,0,0,0,0,0,0,0,0,0,0,0,0,0,0,0,n
1185,0,0,0,0,0,110,110,0,0,0,0,0,0,0,0,0,0,0,0,0,0,0,0,0,0,0,0,0,0,0,n
1186,0,0,0,0,0,110,110,0,0,0,0,0,0,0,0,0,0,0,0,0,0,0,0,0,0,0,0,0,0,0,n
1187,0,0,0,117,0,0,0,0,30,0,0,0,0,0,0,0,0,0,0,0,0,0,0,0,0,0,0,0,0,0,n
1188,0,0,0,0,0,117,117,0,0,0,0,0,0,0,0,0,0,0,0,0,0,0,0,0,0,0,0,0,0,0,n
1189,0,0,0,0,0,117,117,0,0,0,0,0,0,0,0,0,0,0,0,0,0,0,0,0,0,0,0,0,0,0,n
1190,0,0,0,125,0,0,0,0,31,0,0,0,0,0,0,0,0,0,0,0,0,0,0,0,0,0,0,0,0,0,n
1191,0,0,0,0,0,125,125,0,0,0,0,0,0,0,0,0,0,0,0,0,0,0,0,0,0,0,0,0,0,0,n
1192,0,0,0,0,0,125,125,0,0,0,0,0,0,0,0,0,0,0,0,0,0,0,0,0,0,0,0,0,0,0,n
1193,0,0,0,133,0,0,0,0,32,0,0,0,0,0,0,0,0,0,0,0,0,0,0,0,0,0,0,0,0,0,n
1194,0,0,0,0,0,133,133,0,0,0,0,0,0,0,0,0,0,0,0,0,0,0,0,0,0,0,0,0,0,0,n
1195,0,0,0,0,0,133,133,0,0,0,0,0,0,0,0,0,0,0,0,0,0,0,0,0,0,0,0,0,0,0,n
1196,0,0,0,142,0,0,0,0,33,0,0,0,0,0,0,0,0,0,0,0,0,0,0,0,0,0,0,0,0,0,n
1197,0,0,0,0,0,142,142,0,0,0,0,0,0,0,0,0,0,0,0,0,0,0,0,0,0,0,0,0,0,0,n
1198,0,0,0,0,0,142,142,0,0,0,0,0,0,0,0,0,0,0,0,0,0,0,0,0,0,0,0,0,0,0,n
1199,0,3,0,150,0,0,0,0,34,0,0,0,0,0,0,0,0,0,0,0,0,0,0,0,0,0,0,0,0,0,n
1200,0,5,0,1,0,0,0,0,1,0,0,0,0,0,0,0,0,0.05,0,3,0,200,0,0,0,0,0,0,0,0,n
1201,0,5,0,0,0,1,1,0,0,0,0,0,0,0,0,0,0,0,0.02,0,1,0,0,0,0,0,0,0,0,0,n
1202,0,0,0,0,0,1,1,0,0,0,0,0,0,0,0,0,0,0,0.02,0,1,0,0,0,0,0,0,0,0,0,n
1203,0,0,0,2,0,0,0,0,2,0,0,0,0,0,0,0,0,0,0,0,0,0,0,0,0,0,0,0,0,0,e
1204,0,0,0,0,0,2,2,0,0,0,0,0,0,0,0,0,0,0,0,0,0,0,0,0,0,0,0,0,0,0,e
1205,0,0,0,0,0,2,2,0,0,0,0,0,0,0,0,0,0,0,0,0,0,0,0,0,0,0,0,0,0,0,e
1206,0,0,0,3,0,0,0,0,3,0.15,0,0,0,0,0,0,0,0,0,0,0,0,0,0,0,0,0,0,0,0,f
1207,0,0,0,0,0,3,3,0,0,0,0.05,0,0,0,0,0,0,0,0,0,0,0,0,0,0,0,0,0,0,0,f
1208,0,0,0,0,0,3,3,0,0,0,0.05,0,0,0,0,0,0,0,0,0,0,0,0,0,0,0,0,0,0,0,f
1209,0,0,0,4,0,0,0,0,4,0,0,0,0,0,0,0,0,0,0,0,0,0,0,0,0,0,0,0,0,0,a
1210,0,0,0,0,0,4,4,0,0,0,0,0,0,0,0,0,0,0,0,0,0,0,0,0,0,0,0,0,0,0,a
1211,0,0,0,0,0,4,4,0,0,0,0,0,0,0,0,0,0,0,0,0,0,0,0,0,0,0,0,0,0,0,a
1212,0,0,0,5,0,0,0,0,5,0,0,0.1,0,100,0,0,0,0,0,0,0,0,0,0,0,0,0,0,0,0,w
1213,0,0,0,0,0,5,5,0,0,0,0,0,0.05,0,0,0,0,0,0,0,0,0,0,0,0,0,0,0,0,0,w
1214,0,0,0,0,0,5,5,0,0,0,0,0,0.05,0,0,0,0,0,0,0,0,0,0,0,0,0,0,0,0,0,w
1215,0,0,0,6,0,0,0,0,6,0,0,0,0,0,0,0,0,0,0,0,0,0,0,0,0,0,0,0,0,0,p
1216,0,0,0,0,0,6,6,0,0,0,0,0,0,0,0,0,0,0,0,0,0,0,0,0,0,0,0,0,0,0,p
1217,0,0,0,0,0,6,6,0,0,0,0,0,0,0,0,0,0,0,0,0,0,0,0,0,0,0,0,0,0,0,p
1218,0,0,0,7,0,0,0,0,7,0.1,0,0.1,0,150,0,0,0,0,0,0,0,0,0,0,0,0,0,0,-0.3,0,a
1219,0,0,0,0,0,7,7,0,0,0,0.1,0,0.05,0,0,0,0,0,0,0,0,0,0,0,0,0,0,0,0.05,0,a
1220,0,0,0,0,0,7,7,0,0,0,0.1,0,0.05,0,0,0,0,0,0,0,0,0,0,0,0,0,0,0,0.05,0,a
1221,0,0,0,9,0,0,0,0,13,0,0,0,0,0,0,0,0,0,0,0,0,0,0,0,0,0,0,0,0,0,e
1222,0,0,0,0,0,9,9,0,2,0,0,0,0,0,0,0,0,0,0,0,0,0,0,0,0,0,0,0,0,0,e
1223,0,20,0,0,0,9,9,0,2,0,0,0,0,0,0,0,0,0,0,0,0,0,0,0,0,0,0,0,0,0,e
1224,0,50,0,11,0,0,0,0,9,0,0,0,0,0,0,0,0,0,0,0,0,0,0,0,0,0,0,0,0,0,f
1225,0,50,0,0,0,11,11,0,0,0,0,0,0,0,0,0,0,0,0,0,0,0,0,0,0,0,0,0,0,0,f
1226,0,0,0,0,0,11,11,0,0,0,0,0,0,0,0,0,0,0,0,0,0,0,0,0,0,0,0,0,0,0,f
1227,0,0,0,14,0,0,0,0,13,0,0,0.15,0,120,0,0,0,0,0,0,0,0,0,0,0,0,0,0,0,0,a
1228,0,0,0,0,0,14,14,0,1,0,0,0,0.1,0,0,0,0,0,0,0,0,0,0,0,0,0,0,0,0,0,a
1229,0,0,0,0,0,14,14,0,1,0,0,0,0.1,0,0,0,0,0,0,0,0,0,0,0,0,0,0,0,0,0,a
1230,0,0,0,16,0,0,0,0,11,0,0,0,0,0,0,0,0,0,0,0,0,0,0,0,0,0,0,0,0,0,a
1231,0,0,0,0,0,16,16,0,0,0,0,0,0,0,0,0,0,0,0,0,0,0,0,0,0,0,0,0,0,0,a
1232,0,0,25,0,0,16,16,0,0,0,0,0,0,0,0,0,0,0,0,0,0,0,0,0,0,0,0,0,0,0,a
1233,0,0,50,19,0,0,0,0,12,0,0,0,0,0,0,0,0,0,0,0,0,0,0,0,0,0,0,0.15,0,200,w
1234,0,0,50,0,0,19,19,0,0,0,0,0,0,0,0,0,0,0,0,0,0,0,0,0,0,0,0,0,0.1,0,w
1235,0,0,0,0,0,19,19,0,0,0,0,0,0,0,0,0,0,0,0,0,0,0,0,0,0,0,0,0,0.1,0,w
1236,0,0,0,23,0,0,0,0,13,0.15,0,0,0,0,0,0,0,0.15,0,10,0,150,0,0,0,0,0,0,0,0,p
1237,0,0,0,0,0,23,23,0,0,0,0.1,0,0,0,0,0,0,0,0.1,0,3,0,0,0,0,0,0,0,0,0,p
1238,0,0,0,0,0,23,23,0,0,0,0.1,0,0,0,0,0,0,0,0.1,0,3,0,0,0,0,0,0,0,0,0,p
1239,0,0,0,26,0,0,0,0,14,0,0,0,0,0,0,0,0,0,0,0,0,0,0.15,0,5,0,200,0,0,0,e
1240,0,0,0,0,0,26,26,0,0,0,0,0,0,0,0,0,0,0,0,0,0,0,0,0.1,0,2,0,0,0,0,e
1241,0,0,0,0,0,26,26,0,0,0,0,0,0,0,0,0,0,0,0,0,0,0,0,0.1,0,2,0,0,0,0,e
1242,0,0,0,30,0,0,0,0,15,0,0,0,0,0,0,0,0,0,0,0,0,0,0.2,0,8,0,230,0,0,0,p
1243,0,0,0,0,0,30,30,0,0,0,0,0,0,0,0,0,0,0,0,0,0,0,0,0.1,0,3,0,0,0,0,p
1244,0,0,0,0,0,30,30,0,0,0,0,0,0,0,0,0,0,0,0,0,0,0,0,0.1,0,3,0,0,0,0,p
1245,0,0,0,34,0,0,0,0,16,0,0,0.1,0,120,0.15,0,200,0,0,0,0,0,0,0,0,0,0,0,0,0,l
1246,0,0,0,0,0,34,34,0,0,0,0,0,0.02,0,0,0.05,0,0,0,0,0,0,0,0,0,0,0,0,0,0,l
1247,0,0,0,0,0,34,34,0,0,0,0,0,0.02,0,0,0.05,0,0,0,0,0,0,0,0,0,0,0,0,0,0,l
1248,0,0,0,38,0,0,0,0,17,0,0,0.15,0,200,0,0,0,0,0,0,0,0,0,0,0,0,0,0,0,0,d
1249,0,0,0,0,0,38,38,0,0,0,0,0,0.05,0,0,0,0,0,0,0,0,0,0,0,0,0,0,0,0,0,d
1250,0,0,0,0,0,38,38,0,0,0,0,0,0.05,0,0,0,0,0,0,0,0,0,0,0,0,0,0,0,0,0,d
1251,0,0,0,42,0,0,0,0,18,0,0,0.1,0,170,0,0,0,0,0,0,0,0,0,0,0,0,0,0.05,0,300,t
1252,0,0,0,0,0,42,42,0,0,0,0,0,0.03,0,0,0,0,0,0,0,0,0,0,0,0,0,0,0,0.02,0,t
1253,0,0,0,0,0,42,42,0,0,0,0,0,0.03,0,0,0,0,0,0,0,0,0,0,0,0,0,0,0,0.02,0,t
1254,0,0,0,47,0,0,0,0,19,0.15,0,0,0,0,0.1,0,150,0.15,0,15,0,200,0,0,0,0,0,0,0,0,a
1255,0,0,0,0,0,47,47,0,0,0,0.05,0,0,0,0,0.02,0,0,0.05,0,5,0,0,0,0,0,0,0,0,0,a
1256,0,0,0,0,0,47,47,0,0,0,0.05,0,0,0,0,0.02,0,0,0.05,0,5,0,0,0,0,0,0,0,0,0,a
1257,0,0,0,52,0,0,0,0,20,0,0,0,0,0,0,0,0,0.12,0,12,0,200,0.12,0,12,0,200,0,0,0,e
1258,0,0,0,0,0,52,52,0,0,0,0,0,0,0,0,0,0,0,0.05,0,3,0,0,0.05,0,3,0,0,0,0,e
1259,0,0,0,0,0,52,52,0,0,0,0,0,0,0,0,0,0,0,0.05,0,3,0,0,0.05,0,3,0,0,0,0,e
1260,0,0,0,58,0,0,0,0,21,0,0,0,0,0,0.2,0,120,0,0,0,0,0,0,0,0,0,0,0,0,0,e
1261,0,0,0,0,0,58,58,0,0,0,0,0,0,0,0,0.1,0,0,0,0,0,0,0,0,0,0,0,0,0,0,e
1262,0,0,0,0,0,58,58,0,0,0,0,0,0,0,0,0.1,0,0,0,0,0,0,0,0,0,0,0,0,0,0,e
1263,0,0,0,63,0,0,0,0,22,0.2,0,0,0,0,0,0,0,0.05,0,20,0,200,0,0,0,0,0,0,0,0,l
1264,0,0,0,0,0,63,63,0,0,0,0.1,0,0,0,0,0,0,0,0.1,0,5,0,0,0,0,0,0,0,0,0,l
1265,0,0,0,0,0,63,63,0,0,0,0.1,0,0,0,0,0,0,0,0.1,0,5,0,0,0,0,0,0,0,0,0,l
1266,0,0,0,69,0,0,0,0,23,0.15,0,0,0,0,0,0,0,0.1,0,20,0,120,0,0,0,0,0,0,0,0,p
1267,0,0,0,0,0,69,69,0,0,0,0.1,0,0,0,0,0,0,0,0.2,0,2,0,0,0,0,0,0,0,0,0,p
1268,0,0,0,0,0,69,69,0,0,0,0.1,0,0,0,0,0,0,0,0.2,0,2,0,0,0,0,0,0,0,0,0,p
1269,0,0,0,75,0,0,0,0,24,0,0,0,0,0,0,0,0,0.15,0,25,0,250,0,0,0,0,0,0,0,0,w
1270,0,0,0,0,0,75,75,0,0,0,0,0,0,0,0,0,0,0,0.15,0,5,0,0,0,0,0,0,0,0,0,w
1271,0,0,0,0,0,75,75,0,0,0,0,0,0,0,0,0,0,0,0.15,0,5,0,0,0,0,0,0,0,0,0,w
1272,0,0,0,82,0,0,0,20,45,0,0,0,0,0,0,0,0,0,0,0,0,0,0,0,0,0,0,0,0,0,n
1273,0,0,0,0,0,82,82,10,10,0,0,0,0,0,0,0,0,0,0,0,0,0,0,0,0,0,0,0,0,0,n
1274,0,0,0,0,0,82,82,10,10,0,0,0,0,0,0,0,0,0,0,0,0,0,0,0,0,0,0,0,0,0,n
1275,0,0,0,88,0,0,0,0,26,0,0,0,0,0,0,0,0,0,0,0,0,0,0,0,0,0,0,0,0,0,a
1276,0,0,0,0,0,88,88,0,0,0,0,0,0,0,0,0,0,0,0,0,0,0,0,0,0,0,0,0,0,0,a
1277,0,0,0,0,0,88,88,0,0,0,0,0,0,0,0,0,0,0,0,0,0,0,0,0,0,0,0,0,0,0,a
1278,0,0,0,95,0,0,0,0,27,0,0,0.2,0,200,0,0,0,0,0,0,0,0,0,0,0,0,0,0,0,0,e
1279,0,0,0,0,0,95,95,0,0,0,0,0,0.15,0,0,0,0,0,0,0,0,0,0,0,0,0,0,0,0,0,e
1280,0,0,0,0,0,95,95,0,0,0,0,0,0.1,0,0,0,0,0,0,0,0,0,0,0,0,0,0,0,0,0,e
1281,0,0,0,102,0,0,0,0,28,0.2,0,0,0,0,0,0,0,0.3,0,15,0,250,0,0,0,0,0,0,0,0,f
1282,0,0,0,0,0,102,102,0,0,0,0.05,0,0,0,0,0,0,0,0.13,0,5,0,0,0,0,0,0,0,0,0,f
1283,0,0,0,0,0,102,102,0,0,0,0.1,0,0,0,0,0,0,0,0.13,0,5,0,0,0,0,0,0,0,0,0,f
1284,0,0,0,110,0,0,0,50,29,0,0,0.15,0,150,0,0,0,0,0,0,0,0,0,0,0,0,0,0.15,0,250,f
1285,0,0,0,0,0,110,110,15,0,0,0,0,0.05,0,0,0,0,0,0,0,0,0,0,0,0,0,0,0,0.05,0,f
1286,0,150,0,0,0,110,110,15,0,0,0,0,0.05,0,0,0,0,0,0,0,0,0,0,0,0,0,0,0,0.05,0,f
1287,0,50,0,117,0,0,0,0,30,0.15,0,0,0,0,0,0,0,0.15,0,25,0,250,0,0,0,0,0,0,0,0,f
1288,0,50,0,0,0,117,117,0,0,0,0.05,0,0,0,0,0,0,0,0.1,0,15,0,0,0,0,0,0,0,0,0,f
1289,0,0,0,0,0,117,117,0,0,0,0.1,0,0,0,0,0,0,0,0.05,0,10,0,0,0,0,0,0,0,0,0,f
1290,0,0,0,125,0,0,0,0,31,0,0,0.3,0,130,0.2,0,100,0,0,0,0,0,0,0,0,0,0,0,0,0,s
1291,0,0,0,0,0,125,125,0,0,0,0,0,0.1,0,0,0.13,0,0,0,0,0,0,0,0,0,0,0,0,0,0,s
1292,0,0,0,0,0,125,125,0,0,0,0,0,0.1,0,0,0.13,0,0,0,0,0,0,0,0,0,0,0,0,0,0,s
1293,0,0,0,133,0,0,0,0,32,0,0,0.23,0,150,0,0,0,0,0,0,0,0,0,0,0,0,0,0,0,0,s
1294,0,0,0,0,0,133,133,0,0,0,0,0,0.13,0,0,0,0,0,0,0,0,0,0,0,0,0,0,0,0,0,s
1295,0,0,150,0,0,133,133,0,0,0,0,0,0.13,0,0,0,0,0,0,0,0,0,0,0,0,0,0,0,0,0,s
1296,0,0,50,142,0,0,0,0,33,0,0,0,0,0,0,0,0,0,0,0,0,0,0,0,0,0,0,0.3,0,200,l
1297,0,0,50,0,0,142,142,0,0,0,0,0,0,0,0,0,0,0,0,0,0,0,0,0,0,0,0,0,0.13,0,l
1298,0,500,500,0,0,142,142,0,0,0,0,0,0,0,0,0,0,0,0,0,0,0,0,0,0,0,0,0,0.13,0,l
1299,0,0,0,150,0,0,0,50,84,0.15,0.1,0.1,0.05,150,0.15,0.13,0.13,0.15,0.15,15,15,150,0.2,0.15,20,12,120,0.2,0.1,200,n
